{
  "classname": "RegionLayer",
  "properties": {
    "Root": {
      "classname": "WorldGroup",
      "properties": {
        "Objects": [
          {
            "classname": "base/directionallight",
            "properties": {
              "Position": [
                8167.93,
                52680.96,
                -35.22
              ],
              "Rotation": [
                -166.81998,
                28.794031,
                -0.67347914
              ],
              "Color": [
                0.34117648,
                0.5686275,
                1.0
              ],
              "Power": 0.0,
              "ObjectID": 13,
              "RegionID": 287,
              "LayerID": 12,
              "Name": "War_Up_Sh06",
              "LightGroup": 268435456
            }
          },
          {
            "classname": "base/directionallight",
            "properties": {
              "Position": [
                8215.93,
                52550.96,
                -35.22
              ],
              "Rotation": [
                -40.298824,
                26.117432,
                -3.9077435
              ],
              "Color": [
                1.0,
                0.8117647,
                0.65882355
              ],
              "Power": 0.0,
              "ObjectID": 12,
              "RegionID": 287,
              "LayerID": 12,
              "Name": "War_Sun_Sh06",
              "LightGroup": 268435456
            }
          },
          {
            "classname": "base/directionallight",
            "properties": {
              "Position": [
                8215.93,
                52592.96,
                -35.22
              ],
              "Rotation": [
                -19.96,
                47.35,
                -22.96
              ],
              "Color": [
                1.0,
                0.8117647,
                0.65882355
              ],
              "Power": 0.0,
              "ObjectID": 11,
              "RegionID": 287,
              "LayerID": 12,
              "Name": "War_Sun_Sh05",
              "LightGroup": 268435456
            }
          },
          {
            "classname": "base/directionallight",
            "properties": {
              "Position": [
                8215.93,
                52644.96,
                -35.22
              ],
              "Rotation": [
                5.77,
                28.72,
                0.5
              ],
              "Color": [
                1.0,
                0.8117647,
                0.65882355
              ],
              "Power": 0.0,
              "ObjectID": 10,
              "RegionID": 287,
              "LayerID": 12,
              "Name": "War_Sun_Sh01",
              "LightGroup": 268435456
            }
          },
          {
            "classname": "base/directionallight",
            "properties": {
              "Position": [
                8215.93,
                52680.96,
                -35.22
              ],
              "Rotation": [
                -162.51,
                22.29,
                -4.78
              ],
              "Color": [
                0.34117648,
                0.5686275,
                1.0
              ],
              "Power": 0.0,
              "ObjectID": 9,
              "RegionID": 287,
              "LayerID": 12,
              "Name": "War_Up_Sh01",
              "LightGroup": 268435456
            }
          },
          {
            "classname": "base/directionallight",
            "properties": {
              "Position": [
                8215.93,
                52731.96,
                -35.22
              ],
              "Rotation": [
                -20.23,
                28.72,
                0.5
              ],
              "Color": [
                1.0,
                0.8117647,
                0.65882355
              ],
              "Power": 0.0,
              "ObjectID": 8,
              "RegionID": 287,
              "LayerID": 12,
              "Name": "War_Sun_Ent",
              "LightGroup": 268435456
            }
          },
          {
            "classname": "base/directionallight",
            "properties": {
              "Position": [
                8134.9297,
                52846.96,
                -35.22
              ],
              "Rotation": [
                -4.9601297,
                -3.565126,
                -7.9657497
              ],
              "Color": [
                1.0,
                0.8117647,
                0.65882355
              ],
              "Power": 3.0,
              "ObjectID": 7,
              "RegionID": 287,
              "LayerID": 12,
              "Name": "Spike_Sun",
              "LightGroup": 16777216
            }
          },
          {
            "classname": "base/directionallight",
            "properties": {
              "Position": [
                8161.93,
                52842.96,
                -35.22
              ],
              "Rotation": [
                162.23,
                5.23,
                -0.34
              ],
              "Color": [
                0.8,
                0.78039217,
                1.0
              ],
              "ObjectID": 6,
              "RegionID": 287,
              "LayerID": 12,
              "Name": "Spike_Up",
              "LightGroup": 16777216
            }
          },
          {
            "classname": "base/directionallight",
            "properties": {
              "Position": [
                8233.93,
                52845.96,
                -35.22
              ],
              "Rotation": [
                -26.892912,
                -9.448225,
                -1.1761518
              ],
              "Color": [
                1.0,
                0.8117647,
                0.65882355
              ],
              "ObjectID": 5,
              "RegionID": 287,
              "LayerID": 12,
              "Name": "Coil_Sun",
              "LightGroup": 33554432
            }
          },
          {
            "classname": "base/directionallight",
            "properties": {
              "Position": [
                8134.93,
                52760.96,
                -35.22
              ],
              "Rotation": [
                -27.45486,
                -4.688543,
                0.62413365
              ],
              "Color": [
                1.0,
                0.8117647,
                0.65882355
              ],
              "Power": 0.0,
              "ObjectID": 4,
              "RegionID": 287,
              "LayerID": 12,
              "Name": "War_Sun",
              "LightGroup": 268435456
            }
          },
          {
            "classname": "base/directionallight",
            "properties": {
              "Position": [
                8161.93,
                52884.96,
                -35.22
              ],
              "Rotation": [
                162.23,
                5.23,
                -0.34
              ],
              "Color": [
                1.0,
                0.85882354,
                0.78039217
              ],
              "Power": 0.5,
              "ObjectID": 3,
              "RegionID": 287,
              "LayerID": 12,
              "Name": "PG_Up",
              "LightGroup": 201326592
            }
          },
          {
            "classname": "base/directionallight",
            "properties": {
              "Position": [
                8134.9297,
                52884.96,
                -35.22
              ],
              "Rotation": [
                -17.589993,
                15.549976,
                -13.909988
              ],
              "Color": [
                1.0,
                0.8117647,
                0.65882355
              ],
              "Power": 1.5,
              "ObjectID": 2,
              "RegionID": 287,
              "LayerID": 12,
              "Name": "PG_Sun",