{
  "classname": "RegionLayer",
  "properties": {
    "Root": {
      "classname": "WorldGroup",
      "properties": {
        "Objects": [
          {
            "classname": "base/omnilight",
            "properties": {
              "Color": [
                0.85882354,
                0.98039216,
                1.0
              ],
              "Power": 1.2,
              "AttenEnd": 550.0,
              "Position": [
                -30868.748,
                15669.056,
                1915.356
              ],
              "ObjectID": 771751991,
              "RegionID": 149,
              "LayerID": 4,
              "Name": "OmniLight_50",
              "LightGroup": -2147483648
            }
          },
          {
            "classname": "base/omnilight",
            "properties": {
              "Color": [
                0.85882354,
                0.98039216,
                1.0
              ],
              "AttenEnd": 400.0,
              "Position": [
                -30777.748,
                15864.056,
                2218.356
              ],
              "ObjectID": 771751990,
              "RegionID": 149,
              "LayerID": 4,
              "Name": "OmniLight_51",
              "LightGroup": -2147483648
            }
          },
          {
            "classname": "base/shadowlight",
            "properties": {
              "Position": [
                -30982.592,
                15367.774,
                1673.848
              ],
              "Rotation": [
                10.000001,
                10.000001,
                1.08368056e-7
              ],
              "ObjectID": 771751954,
              "RegionID": 149,
              "LayerID": 4,
              "Name": "ShadowLight_05",
              "LightGroup": -2147483647
            }
          }
        ]
      }
    },
    "NextObjectID": 771751991
  }
}