{
  "classname": "RegionLayer",
  "properties": {
    "Root": {
      "classname": "WorldGroup",
      "properties": {
        "Objects": [
          {
            "classname": "base/omnilight",
            "properties": {
              "Color": [
                0.6392157,
                0.7176471,
                0.7764706
              ],
              "AttenEnd": 80.0,
              "Position": [
                -6.133301,
                -76.28516,
                10.672958
              ],
              "Rotation": [
                0.0,
                0.0,
                -0.00081279234
              ],
              "ObjectID": 76,
              "RegionID": 2,
              "LayerID": 5,
              "Name": "OmniLight_199",
              "LightGroup": -2147483648
            }
          },
          {
            "classname": "base/omnilight",
            "properties": {
              "Color": [
                0.6392157,
                0.6392157,
                0.6392157
              ],
              "AttenStart": 75.0,
              "AttenEnd": 120.0,
              "CastShadows": true,
              "Position": [
                -15.134277,
                3.7246094,
                28.672836
              ],
              "Rotation": [
                0.0,
                0.0,
                -0.00081279234
              ],
              "ObjectID": 75,
              "RegionID": 2,
              "LayerID": 5,
              "Name": "OmniLight_198",
              "LightGroup": -2147483647
            }
          },
          {
            "classname": "base/omnilight",
            "properties": {
              "Color": [
                0.21568628,
                0.31764707,
                0.32941177
              ],
              "Power": 2.0,
              "AttenStart": 200.0,
              "AttenEnd": 300.0,
              "CastShadows": true,
              "Position": [
                -124.13428,
                221.72461,
                30.672836
              ],
              "Rotation": [
                0.0,
                0.0,
                -0.00081279234
              ],
              "ObjectID": 48,
              "RegionID": 2,
              "LayerID": 5,
              "Name": "OmniLight_185"
            }
          },
          {
            "classname": "base/omnilight",
            "properties": {
              "Color": [
                0.21568628,
                0.31764707,
                0.32941177
              ],
              "Power": 2.0,
              "AttenStart": 350.0,
              "AttenEnd": 800.0,
              "CastShadows": true,
              "Position": [
                -41.134277,
                235.72461,
                28.672836
              ],
              "Rotation": [
                0.0,
                0.0,
                -0.00081279234
              ],
              "ObjectID": 58,
              "RegionID": 2,
              "LayerID": 5,
              "Name": "OmniLight_189"
            }
          },
          {
            "classname": "base/omnilight",
            "properties": {
              "Color": [
                0.75686276,
                0.25882354,
                0.14901961
              ],
              "Power": 3.0,
              "AttenEnd": 2200.0,
              "CastShadows": true,
              "Position": [
                698.8699,
                5372.752,
                1335.6731
              ],
              "Rotation": [
                0.0,
                0.0,
                -0.00081279234
              ],
              "ObjectID": 40,
              "RegionID": 2,
              "LayerID": 5,
              "Name": "OmniLight_177"
            }
          },
          {
            "classname": "base/omnilight",
            "properties": {
              "Color": [
                0.95686275,
                0.5019608,
                0.29411766
              ],
              "AttenEnd": 80.0,
              "Position": [
                -49.1333,
                -47.285156,
                10.672958
              ],
              "Rotation": [
                0.0,
                0.0,
                -0.00081279234
              ],
              "ObjectID": 73,
              "RegionID": 2,
              "LayerID": 5,
              "Name": "OmniLight_197",
              "LightGroup": -2147483648
            }
          },
          {
            "classname": "base/ortholight",
            "properties": {
              "Color": [
                0.41568628,
                0.46666667,
                0.50980395
              ],
              "Power": 4.0,
              "CastShadows": true,
              "AttenStart": 100.0,
              "AttenEnd": 80.0,
              "Width": 80.0,
              "Height": 80.0,
              "ProjMaterialPackage": "post_fx",
              "ProjMaterial": "white",
              "ShadowBias": 2.0616467e-19,
              "Position": [
                2.8700008,
                -86.29,
                -3.33
              ],
              "Rotation": [
                112.79,
                -10.69,
                37.47
              ],
              "Enabled": false,
              "ObjectID": 72,
              "RegionID": 2,
              "LayerID": 5,
              "Name": "OmniLight_196",
              "LightGroup": -2147483648
            }
          },
          {
            "classname": "base/ortholight",
            "properties": {
              "Color": [
                0.32941177,
                0.48235294,
                0.49803922
              ],
              "Power": 8.0,
              "CastShadows": true,
              "AttenStart": 50.0,
              "AttenEnd": 5000.0,
              "Width": 2000.0,
              "Height": 2000.0,
              "ShadowBias": -23.269142,
              "Position": [
                553.87,
                4160.75,
                3018.67
              ],
              "Rotation": [
                14.0,
                -0.0,
                0.0
              ],
              "ObjectID": 71,
              "RegionID": 2,
              "LayerID": 5,
              "Name": "OmniLight_195"
            }
          },
          {
            "classname": "base/ortholight",
            "properties": {
              "Color": [
                0.8862745,
                0.44705883,
                0.3372549
              ],
              "Power": 3.0,
              "CastShadows": true,
              "AttenStart": 50.0,
              "AttenEnd": 5000.0,
              "Width": 2000.0,
              "Height": 2000.0,
              "ShadowBias": -23.269142,
              "Position": [
                553.87,
                3744.75,
                -753.33
              ],
              "Rotation": [
                162.0,
                -0.0,
                0.0
              ],
              "ObjectID": 70,
              "RegionID": 2,
              "LayerID": 5,
              "Name": "OmniLight_191"
            }
          },
          {
            "classname": "base/ortholight",
            "properties": {
              "Color": [
                0.41568628,
                0.46666667,
                0.50980395
              ],
              "Power": 2.5,
              "CastShadows": true,
              "AttenStart": 200.0,
              "AttenEnd": 604.0,
              "Width": 100.0,
              "Height": 125.0,
              "WidthTiles": 3,
              "HeightTiles": 3,
              "ProjMaterialPackage": "post_fx",
              "ProjMaterial": "white",
              "ShadowBias": 2.0616467e-19,
              "Position": [
                -17.13,
                -75.29,
                174.67
              ],
              "Rotation": [
                15.04,
                0.85,
                11.82
              ],
              "ObjectID": 68,
              "RegionID": 2,
              "LayerID": 5,
              "Name": "OmniLight_183",