{
  "classname": "RegionLayer",
  "properties": {
    "Root": {
      "classname": "WorldGroup",
      "properties": {
        "Objects": [
          {
            "classname": "base/omnilight",
            "properties": {
              "Static": false,
              "Color": [
                0.79607844,
                0.92941177,
                0.9254902
              ],
              "Power": 1.2,
              "AttenEnd": 400.0,
              "Position": [
                28522.527,
                -26370.477,
                101.07889
              ],
              "ObjectID": 24,
              "RegionID": 225,
              "LayerID": 5,
              "Name": "OmniLight_74",
              "LightGroup": -2147483648
            }
          },
          {
            "classname": "base/omnilight",
            "properties": {
              "Static": false,
              "Color": [
                0.72156864,
                0.92941177,
                0.92156863
              ],
              "Power": 0.5,
              "AttenEnd": 300.0,
              "Position": [
                28438.53,
                -27173.469,
                -349.42154
              ],
              "ObjectID": 23,
              "RegionID": 225,
              "LayerID": 5,
              "Name": "OmniLight_59",
              "LightGroup": -2147483648
            }
          },
          {
            "classname": "base/omnilight",
            "properties": {
              "Static": false,
              "Color": [
                0.6431373,
                0.9098039,
                0.8980392
              ],
              "Power": 0.5,
              "AttenEnd": 400.0,
              "Position": [
                28648.396,
                -26888.312,
                158.55194
              ],
              "ObjectID": 22,
              "RegionID": 225,
              "LayerID": 5,
              "Name": "OmniLight_73",
              "LightGroup": -2147483648
            }
          },
          {
            "classname": "base/omnilight",
            "properties": {
              "Static": false,
              "Color": [
                0.52156866,
                0.827451,
                0.7294118
              ],
              "Power": 1.2,
              "AttenEnd": 400.0,
              "Position": [
                28750.527,
                -26346.477,
                210.07889
              ],
              "ObjectID": 21,
              "RegionID": 225,
              "LayerID": 5,
              "Name": "OmniLight_72",
              "LightGroup": 16384
            }
          },
          {
            "classname": "base/omnilight",
            "properties": {
              "Static": false,
              "Color": [
                0.6431373,
                0.9098039,
                0.8980392
              ],
              "AttenStart": 100.0,
              "Position": [
                28334.668,
                -27379.312,
                -367.17426
              ],
              "ObjectID": 20,
              "RegionID": 225,
              "LayerID": 5,
              "Name": "OmniLight_71",
              "LightGroup": -2147483648
            }
          },
          {
            "classname": "base/omnilight",
            "properties": {
              "Static": false,
              "Color": [
                0.6431373,
                0.9098039,
                0.8980392
              ],
              "AttenStart": 100.0,
              "AttenEnd": 250.0,
              "Position": [
                28352.668,
                -27764.312,
                -367.17426
              ],
              "ObjectID": 19,
              "RegionID": 225,
              "LayerID": 5,
              "Name": "OmniLight_70",
              "LightGroup": -2147483648
            }
          },
          {
            "classname": "base/omnilight",
            "properties": {
              "Static": false,
              "Color": [
                0.6431373,
                0.9098039,
                0.8980392
              ],
              "AttenStart": 100.0,
              "AttenEnd": 250.0,
              "Position": [
                28687.668,
                -27515.312,
                -367.17426
              ],
              "ObjectID": 18,
              "RegionID": 225,
              "LayerID": 5,
              "Name": "OmniLight_69",
              "LightGroup": -2147483648
            }
          },
          {
            "classname": "base/omnilight",
            "properties": {
              "Static": false,
              "Color": [
                0.6431373,
                0.9098039,
                0.8980392
              ],
              "AttenStart": 100.0,
              "AttenEnd": 250.0,
              "Position": [
                28709.668,
                -27696.312,
                -367.17426
              ],
              "ObjectID": 17,
              "RegionID": 225,
              "LayerID": 5,
              "Name": "OmniLight_68",
              "LightGroup": -2147483648
            }
          },
          {
            "classname": "base/omnilight",
            "properties": {
              "Static": false,
              "Color": [
                0.91764706,
                0.85882354,
                0.6509804
              ],
              "AttenEnd": 400.0,
              "Position": [
                28622.77,
                -28229.523,
                -518.7421
              ],
              "ObjectID": 16,
              "RegionID": 225,
              "LayerID": 5,
              "Name": "OmniLight_67",
              "LightGroup": -2147483648
            }
          },
          {
            "classname": "base/omnilight",
            "properties": {
              "Static": false,
              "Color": [
                0.91764706,
                0.85882354,
                0.6509804
              ],
              "AttenEnd": 400.0,
              "Position": [
                29732.107,
                -28249.783,
                -447.52094
              ],
              "ObjectID": 15,
              "RegionID": 225,
              "LayerID": 5,
              "Name": "OmniLight_66",
              "LightGroup": -2147483648
            }
          },
          {
            "classname": "base/omnilight",
            "properties": {
              "Static": false,
              "Color": [
                0.6431373,
                0.9098039,
                0.8980392
              ],
              "AttenStart": 100.0,
              "AttenEnd": 250.0,
              "Position": [
                28746.668,
                -27835.312,
                -367.17426
              ],
              "ObjectID": 13,
              "RegionID": 225,
              "LayerID": 5,
              "Name": "OmniLight_64",
              "LightGroup": -2147483648
            }
          },
          {
            "classname": "base/omnilight",
            "properties": {
              "Static": false,
              "Color": [
                0.6431373,
                0.9098039,
                0.8980392
              ],
              "AttenEnd": 250.0,
              "Position": [
                28418.668,
                -28374.312,
                -281.17426
              ],
              "ObjectID": 12,
              "RegionID": 225,
              "LayerID": 5,
              "Name": "OmniLight_63",
              "LightGroup": -2147483648
            }
          },
          {
            "classname": "base/omnilight",
            "properties": {
              "Static": false,
              "Color": [
                0.6431373,
                0.9098039,
                0.8980392
              ],
              "AttenEnd": 250.0,
              "Position": [
                28877.092,
                -28389.334,
                -340.85962
              ],
              "ObjectID": 11,
              "RegionID": 225,
              "LayerID": 5,
              "Name": "OmniLight_62",