{
  "classname": "RegionLayer",
  "properties": {
    "Root": {
      "classname": "WorldGroup",
      "properties": {
        "Objects": [
          {
            "classname": "base/ortholight",
            "properties": {
              "Color": [
                1.0,
                0.7019608,
                0.5882353
              ],
              "Power": 3.0,
              "AttenEnd": 5000.0,
              "Width": 2300.0,
              "Height": 2300.0,
              "ShadowBias": 4.5557733e-37,
              "Position": [
                9.28,
                -3626.1301,
                957.81976
              ],
              "Rotation": [
                12.0,
                -0.0,
                0.0
              ],
              "ObjectID": 11,
              "RegionID": 2,
              "LayerID": 1,
              "Name": "SunLight"
            }
          },
          {
            "classname": "base/omnilight",
            "properties": {
              "Color": [
                0.7254902,
                0.9098039,
                0.7490196
              ],
              "Power": 0.6,
              "AttenEnd": 700.0,
              "Position": [
                520.8153,
                10.363432,
                -262.77933
              ],
              "ObjectID": 10,
              "RegionID": 2,
              "LayerID": 1,
              "Name": "OmniLight_10",
              "LightGroup": -2147483647
            }
          },
          {
            "classname": "base/omnilight",
            "properties": {
              "Color": [
                0.7254902,
                0.9098039,
                0.7490196
              ],
              "Power": 0.6,
              "AttenEnd": 700.0,
              "Position": [
                -199.38562,
                -500.93665,
                -262.77933
              ],
              "ObjectID": 9,
              "RegionID": 2,
              "LayerID": 1,
              "Name": "OmniLight_09",
              "LightGroup": -2147483647
            }
          },
          {
            "classname": "base/omnilight",
            "properties": {
              "Color": [
                0.7254902,
                0.9098039,
                0.7490196
              ],
              "Power": 0.6,
              "AttenEnd": 700.0,
              "Position": [
                -550.9858,
                -0.036591053,
                -262.77933
              ],
              "ObjectID": 8,
              "RegionID": 2,
              "LayerID": 1,
              "Name": "OmniLight_08",
              "LightGroup": -2147483647
            }
          },
          {
            "classname": "base/omnilight",
            "properties": {
              "Color": [
                0.7254902,
                0.9098039,
                0.7490196
              ],
              "Power": 0.6,
              "AttenEnd": 700.0,
              "Position": [
                -149.38565,
                469.96344,
                -262.77933
              ],
              "ObjectID": 7,
              "RegionID": 2,
              "LayerID": 1,
              "Name": "OmniLight_07",
              "LightGroup": -2147483647
            }
          },
          {
            "classname": "base/omnilight",
            "properties": {
              "Color": [
                0.6666667,
                0.92941177,
                0.8745098
              ],
              "Power": 0.4,
              "AttenEnd": 1000.0,
              "Position": [
                -639.3859,
                -6162.1396,
                -283.1793
              ],
              "ObjectID": 6,
              "RegionID": 2,
              "LayerID": 1,
              "Name": "OmniLight_05"
            }
          },
          {
            "classname": "base/omnilight",
            "properties": {
              "Color": [
                0.6666667,
                0.92941177,
                0.8745098
              ],
              "Power": 0.4,
              "AttenEnd": 1000.0,
              "Position": [
                64.214165,
                -5692.141,
                -283.1793
              ],
              "ObjectID": 5,
              "RegionID": 2,
              "LayerID": 1,
              "Name": "OmniLight_04"
            }
          },
          {
            "classname": "base/omnilight",
            "properties": {
              "Color": [
                0.6666667,
                0.92941177,
                0.8745098
              ],
              "Power": 0.4,
              "AttenEnd": 1000.0,
              "Position": [
                540.3141,
                -6232.039,
                -283.1793
              ],
              "ObjectID": 4,
              "RegionID": 2,
              "LayerID": 1,
              "Name": "OmniLight_03"
            }
          },
          {
            "classname": "base/omnilight",
            "properties": {
              "Color": [
                0.6666667,
                0.92941177,
                0.8745098
              ],
              "Power": 0.4,
              "AttenEnd": 1000.0,
              "Position": [
                36.01436,
                -6741.7363,
                -283.1793
              ],
              "ObjectID": 3,
              "RegionID": 2,
              "LayerID": 1,
              "Name": "OmniLight_02"
            }
          },
          {
            "classname": "base/omnilight",
            "properties": {
              "Color": [
                0.92941177,
                0.7882353,
                0.5294118
              ],
              "Power": 1.5,
              "AttenEnd": 800.0,
              "Position": [
                36.01436,
                -6223.535,
                -77.87922
              ],
              "ObjectID": 2,
              "RegionID": 2,
              "LayerID": 1,
              "Name": "OmniLight_01"
            }
          },
          {
            "classname": "base/omnilight",
            "properties": {
              "Color": [
                1.0,
                0.83137256,
                0.6392157
              ],
              "Power": 1.2,
              "AttenEnd": 700.0,
              "Position": [
                -149.38565,
                -39.136566,
                -130.17929
              ],
              "ObjectID": 1,
              "RegionID": 2,
              "LayerID": 1,
              "Name": "OmniLight",
              "LightGroup": -2147483647
            }
          }
        ]
      }
    },
    "NextObjectID": 11
  }
}