{
  "classname": "RegionLayer",
  "properties": {
    "Root": {
      "classname": "WorldGroup",
      "properties": {
        "Objects": [
          {
            "classname": "base/directionallight",
            "properties": {
              "Position": [
                -7385.33,
                5900.26,
                -226.04
              ],
              "Rotation": [
                44.657875,
                27.317633,
                18.279985
              ],
              "Color": [
                1.0,
                0.92941177,
                0.8117647
              ],
              "Power": 0.0,
              "ObjectID": 12,
              "RegionID": 289,
              "LayerID": 20,
              "Name": "War_Sun_Sh07",
              "LightGroup": 268435456
            }
          },
          {
            "classname": "base/directionallight",
            "properties": {
              "Position": [
                -7385.33,
                6062.26,
                -226.04
              ],
              "Rotation": [
                -161.98003,
                -39.209957,
                170.15991
              ],
              "Color": [
                0.5019608,
                0.7411765,
                1.0
              ],
              "Power": 0.25,
              "ObjectID": 11,
              "RegionID": 289,
              "LayerID": 20,
              "Name": "Watcher_Up",
              "LightGroup": 134217728
            }
          },
          {
            "classname": "base/directionallight",
            "properties": {
              "Position": [
                -7385.33,
                6014.26,
                -226.04
              ],
              "Rotation": [
                30.747095,
                50.194695,
                -3.1761348
              ],
              "Color": [
                1.0,
                0.92941177,
                0.8117647
              ],
              "Power": 0.0,
              "ObjectID": 10,
              "RegionID": 289,
              "LayerID": 20,
              "Name": "War_Sun_Sh18",
              "LightGroup": 268435456
            }
          },
          {
            "classname": "base/directionallight",
            "properties": {
              "Position": [
                -7385.33,
                6135.26,
                -226.04
              ],
              "Rotation": [
                30.88,
                32.45,
                -15.13
              ],
              "Color": [
                1.0,
                0.92941177,
                0.8117647
              ],
              "Power": 0.0,
              "ObjectID": 9,
              "RegionID": 289,
              "LayerID": 20,
              "Name": "War_Sun_Sh08",
              "LightGroup": 268435456
            }
          },
          {
            "classname": "base/directionallight",
            "properties": {
              "Position": [
                -7385.33,
                6085.26,
                -226.04
              ],
              "Rotation": [
                1.9824371,
                39.20533,
                -9.837503
              ],
              "Color": [
                1.0,
                0.92941177,
                0.8117647
              ],
              "Power": 1.5,
              "ObjectID": 8,
              "RegionID": 289,
              "LayerID": 20,
              "Name": "Watcher_Sun",
              "LightGroup": 134217728
            }
          },
          {
            "classname": "base/directionallight",
            "properties": {
              "Position": [
                -7418.33,
                6124.26,
                -226.04
              ],
              "Rotation": [
                153.89503,
                24.303186,
                0.11026514
              ],
              "Color": [
                0.8117647,
                0.83137256,
                1.0
              ],
              "Power": 0.0,
              "ObjectID": 7,
              "RegionID": 289,
              "LayerID": 20,
              "Name": "War_Up",
              "LightGroup": 268435456
            }
          },
          {
            "classname": "base/directionallight",
            "properties": {
              "Position": [
                -7452.51,
                6207.6,
                -254.04
              ],
              "Rotation": [
                -151.09988,
                5.912775,
                -49.507816
              ],
              "Color": [
                0.7607843,
                0.9019608,
                0.9882353
              ],
              "Power": 0.0,
              "ObjectID": 6,
              "RegionID": 289,
              "LayerID": 20,
              "Name": "War_Water",
              "LightGroup": 268435456
            }
          },
          {
            "classname": "base/directionallight",
            "properties": {
              "Position": [
                -7385.33,
                6163.26,
                -226.04
              ],
              "Rotation": [
                1.9824371,
                39.20533,
                -9.837503
              ],
              "Color": [
                1.0,
                0.92941177,
                0.8117647
              ],
              "Power": 1.3,
              "ObjectID": 5,
              "RegionID": 289,
              "LayerID": 20,
              "Name": "War_Sun",
              "LightGroup": 268435456
            }
          },
          {
            "classname": "base/directionallight",
            "properties": {
              "Position": [
                -7485.33,
                6111.26,
                -226.04
              ],
              "Rotation": [
                -49.01,
                22.61,
                -42.99
              ],
              "Color": [
                1.0,
                0.92941177,
                0.8117647
              ],
              "Power": 0.0,
              "ObjectID": 3,
              "RegionID": 289,
              "LayerID": 20,
              "Name": "Azreal_Sun",
              "LightGroup": 536870912
            }
          },
          {
            "classname": "base/directionallight",
            "properties": {
              "Position": [
                -7552.33,
                6054.26,
                -226.04
              ],
              "Rotation": [
                -137.38484,
                -14.554436,
                6.418959
              ],
              "Color": [
                0.7490196,
                0.8392157,
                1.0
              ],
              "Power": 0.6,
              "ObjectID": 2,
              "RegionID": 289,
              "LayerID": 20,
              "Name": "Azrael_Up",
              "LightGroup": 536870912
            }
          }
        ]
      }
    },
    "NextObjectID": 12
  }
}