{
  "classname": "RegionLayer",
  "properties": {
    "Root": {
      "classname": "WorldGroup",
      "properties": {
        "Objects": [
          {
            "classname": "base/directionallight",
            "properties": {
              "Position": [
                776.3477,
                -6885.787,
                18111.283
              ],
              "Rotation": [
                13.48,
                1.82,
                18.53
              ],
              "Color": [
                1.0,
                0.4509804,
                0.30980393
              ],
              "Power": 0.0,
              "ObjectID": 6,
              "RegionID": 289,
              "LayerID": 29,
              "Name": "Uriel_Dir",
              "LightGroup": 1207959552
            }
          },
          {
            "classname": "base/directionallight",
            "properties": {
              "Position": [
                776.3477,
                -6745.787,
                18235.283
              ],
              "Rotation": [
                8.619564,
                -55.664482,
                15.247032
              ],
              "Color": [
                1.0,
                0.4509804,
                0.30980393
              ],
              "Power": 0.3,
              "ObjectID": 5,
              "RegionID": 289,
              "LayerID": 29,
              "Name": "Env_Fill"
            }
          },
          {
            "classname": "base/directionallight",
            "properties": {
              "Position": [
                748.35,
                -6964.79,
                18111.28
              ],
              "Rotation": [
                -155.1154,
                16.751394,
                176.02727
              ],
              "Color": [
                1.0,
                0.61960787,
                0.27058825
              ],
              "Power": 0.5,
              "ObjectID": 4,
              "RegionID": 289,
              "LayerID": 29,
              "Name": "Dragon_Dir_Up_01",
              "LightGroup": 536870912
            }
          },
          {
            "classname": "base/directionallight",
            "properties": {
              "Position": [
                748.35,
                -6939.79,
                18111.28
              ],
              "Rotation": [
                156.65416,
                18.848825,
                -178.79085
              ],
              "Color": [
                1.0,
                0.61960787,
                0.27058825
              ],
              "Power": 0.5,
              "ObjectID": 3,
              "RegionID": 289,
              "LayerID": 29,
              "Name": "Dragon_Dir_Up",
              "LightGroup": 536870912
            }
          },
          {
            "classname": "base/directionallight",
            "properties": {
              "Position": [
                775.3477,
                -6939.787,
                18111.283
              ],
              "Rotation": [
                -6.5910015,
                22.85355,
                3.239447
              ],
              "Color": [
                1.0,
                0.4509804,
                0.30980393
              ],
              "Power": 2.0,
              "ObjectID": 2,
              "RegionID": 289,
              "LayerID": 29,
              "Name": "Dragon_Dir",
              "LightGroup": 536870912
            }
          },
          {
            "classname": "base/sunlight",
            "properties": {
              "Position": [
                -12.24,
                -5318.3,
                18344.84
              ],
              "Rotation": [
                35.97,
                -63.02,
                -9.49
              ],
              "Color": [
                1.0,
                0.4509804,
                0.30980393
              ],
              "Power": 1.2,
              "ObjectID": 1,
              "RegionID": 289,
              "LayerID": 29,
              "Name": "SunLightUpper",
              "LightGroup": 1074266113
            }
          }
        ]
      }
    },
    "NextObjectID": 7
  }
}