{
  "classname": "RegionLayer",
  "properties": {
    "Root": {
      "classname": "WorldGroup",
      "properties": {
        "Objects": [
          {
            "classname": "base/directionallight",
            "properties": {
              "Position": [
                8390.34,
                59129.32,
                517.74
              ],
              "Rotation": [
                65.8225,
                18.547503,
                -13.780459
              ],
              "Color": [
                1.0,
                0.8117647,
                0.65882355
              ],
              "Power": 0.0,
              "ObjectID": 22,
              "RegionID": 289,
              "LayerID": 18,
              "Name": "Azrael_Sun_Sh09",
              "LightGroup": 538968064
            }
          },
          {
            "classname": "base/directionallight",
            "properties": {
              "Position": [
                8536.96,
                59190.81,
                515.98
              ],
              "Rotation": [
                -138.87341,
                -15.866175,
                -17.787579
              ],
              "Color": [
                0.65882355,
                0.8392157,
                1.0
              ],
              "Power": 0.0,
              "ObjectID": 21,
              "RegionID": 289,
              "LayerID": 18,
              "Name": "War_Up_Sh06",
              "LightGroup": 268435456
            }
          },
          {
            "classname": "base/directionallight",
            "properties": {
              "Position": [
                8390.34,
                59166.32,
                517.74
              ],
              "Rotation": [
                70.03,
                -13.98,
                -94.59
              ],
              "Color": [
                1.0,
                0.8117647,
                0.65882355
              ],
              "Power": 0.0,
              "ObjectID": 19,
              "RegionID": 289,
              "LayerID": 18,
              "Name": "Azrael_Sun_Sh06",
              "LightGroup": 538968064
            }
          },
          {
            "classname": "base/directionallight",
            "properties": {
              "Position": [
                8387.34,
                59217.32,
                517.74
              ],
              "Rotation": [
                85.505035,
                -35.20683,
                -18.024075
              ],
              "Color": [
                1.0,
                0.8117647,
                0.65882355
              ],
              "Power": 0.0,
              "ObjectID": 18,
              "RegionID": 289,
              "LayerID": 18,
              "Name": "Azrael_Sun_Sh03",
              "LightGroup": 536870912
            }
          },
          {
            "classname": "base/directionallight",
            "properties": {
              "Position": [
                8536.96,
                59212.81,
                515.98
              ],
              "Rotation": [
                -174.86438,
                38.473007,
                -1.4841896
              ],
              "Color": [
                0.65882355,
                0.8392157,
                1.0
              ],
              "Power": 0.0,
              "ObjectID": 17,
              "RegionID": 289,
              "LayerID": 18,
              "Name": "War_Up_Sh05",
              "LightGroup": 268435456
            }
          },
          {
            "classname": "base/directionallight",
            "properties": {
              "Position": [
                8505.34,
                59212.32,
                517.74
              ],
              "Rotation": [
                -18.459997,
                35.13,
                7.1399994
              ],
              "Color": [
                1.0,
                0.8117647,
                0.65882355
              ],
              "Power": 0.0,
              "ObjectID": 16,
              "RegionID": 289,
              "LayerID": 18,
              "Name": "War_Sun_Sh05",
              "LightGroup": 268435456
            }
          },
          {
            "classname": "base/directionallight",
            "properties": {
              "Position": [
                8390.34,
                59195.32,
                517.74
              ],
              "Rotation": [
                -16.96649,
                -65.29191,
                26.40478
              ],
              "Color": [
                1.0,
                0.8117647,
                0.65882355
              ],
              "Power": 0.0,
              "ObjectID": 15,
              "RegionID": 289,
              "LayerID": 18,
              "Name": "Azrael_Sun_Sh05",
              "LightGroup": 538968064
            }
          },
          {
            "classname": "base/directionallight",
            "properties": {
              "Position": [
                8390.34,
                59238.32,
                517.74
              ],
              "Rotation": [
                51.35,
                -32.17,
                -6.57
              ],
              "Color": [
                1.0,
                0.8117647,
                0.65882355
              ],
              "Power": 0.0,
              "ObjectID": 14,
              "RegionID": 289,
              "LayerID": 18,
              "Name": "Azrael_Sun_Sh02",
              "LightGroup": 536870912
            }
          },
          {
            "classname": "base/directionallight",
            "properties": {
              "Position": [
                8414.34,
                59217.32,
                517.74
              ],
              "Rotation": [
                85.505035,
                -35.20683,
                -18.024075
              ],
              "Color": [
                1.0,
                0.8117647,
                0.65882355
              ],
              "Power": 0.0,
              "ObjectID": 13,
              "RegionID": 289,
              "LayerID": 18,
              "Name": "Azrael_Face_Sh03",
              "LightGroup": 2097152
            }
          },
          {
            "classname": "base/directionallight",
            "properties": {
              "Position": [
                8390.34,
                59261.32,
                517.74
              ],
              "Rotation": [
                -32.35,
                35.38,
                -0.91
              ],
              "Color": [
                1.0,
                0.8117647,
                0.65882355
              ],
              "Power": 0.0,
              "ObjectID": 12,
              "RegionID": 289,
              "LayerID": 18,
              "Name": "Azrael_Sun_Sh01",
              "LightGroup": 538968064
            }
          },
          {
            "classname": "base/directionallight",
            "properties": {
              "Position": [
                8363.96,
                59255.81,
                515.98
              ],
              "Rotation": [
                -172.50067,
                39.396145,
                4.308787
              ],
              "Color": [
                1.0,
                0.8784314,
                0.65882355
              ],
              "Power": 0.0,
              "ObjectID": 11,
              "RegionID": 289,
              "LayerID": 18,
              "Name": "Azrael_Up_Sh01",
              "LightGroup": 536870912
            }
          },
          {
            "classname": "base/directionallight",
            "properties": {
              "Position": [
                8507.34,
                59261.32,
                517.74
              ],
              "Rotation": [
                -18.33,
                28.62,
                -0.67
              ],
              "Color": [
                1.0,
                0.8117647,
                0.65882355
              ],
              "Power": 0.0,