{
  "classname": "RegionLayer",
  "properties": {
    "Root": {
      "classname": "WorldGroup",
      "properties": {
        "Objects": [
          {
            "classname": "base/omnilight",
            "properties": {
              "Color": [
                0.7921569,
                0.5254902,
                0.3647059
              ],
              "Power": 0.0,
              "Position": [
                656.1672,
                -6583.1743,
                15235.365
              ],
              "ObjectID": 46,
              "RegionID": 289,
              "LayerID": 26,
              "Name": "Seal_Omni_Sh23",
              "LightGroup": 1073741824
            }
          },
          {
            "classname": "base/ortholight",
            "properties": {
              "Color": [
                1.0,
                0.4509804,
                0.30980393
              ],
              "Power": 0.0,
              "AttenStart": 500.0,
              "AttenEnd": 600.0,
              "Position": [
                374.34998,
                -6904.79,
                15198.28
              ],
              "Rotation": [
                -48.77,
                -19.02,
                103.29
              ],
              "ObjectID": 44,
              "RegionID": 289,
              "LayerID": 26,
              "Name": "War_Ortho_Sh23_02",
              "LightGroup": 268435456
            }
          },
          {
            "classname": "base/ortholight",
            "properties": {
              "Color": [
                1.0,
                0.4509804,
                0.30980393
              ],
              "Power": 0.0,
              "CastShadows": true,
              "AttenStart": 0.0,
              "AttenEnd": 400.0,
              "Position": [
                374.34998,
                -6901.79,
                15183.28
              ],
              "Rotation": [
                -48.77,
                -19.02,
                103.29
              ],
              "ObjectID": 43,
              "RegionID": 289,
              "LayerID": 26,
              "Name": "War_Orth_Sh23",
              "LightGroup": 268435457
            }
          },
          {
            "classname": "base/directionallight",
            "properties": {
              "Position": [
                702.35,
                -6920.79,
                15285.28
              ],
              "Rotation": [
                41.122433,
                43.550934,
                32.224396
              ],
              "Color": [
                1.0,
                0.4509804,
                0.30980393
              ],
              "Power": 0.0,
              "ObjectID": 40,
              "RegionID": 289,
              "LayerID": 26,
              "Name": "War_Dir_Sh36",
              "LightGroup": 268435456
            }
          },
          {
            "classname": "base/directionallight",
            "properties": {
              "Position": [
                783.35,
                -6928.79,
                15285.28
              ],
              "Rotation": [
                55.83973,
                -13.000093,
                -99.61095
              ],
              "Color": [
                1.0,
                0.4509804,
                0.30980393
              ],
              "Power": 0.0,
              "ObjectID": 39,
              "RegionID": 289,
              "LayerID": 26,
              "Name": "Uriel_Dir_Sh17",
              "LightGroup": 134742016
            }
          },
          {
            "classname": "base/directionallight",
            "properties": {
              "Position": [
                727.35,
                -6983.79,
                15285.28
              ],
              "Rotation": [
                42.1,
                -12.5,
                13.42
              ],
              "Color": [
                1.0,
                0.4509804,
                0.30980393
              ],
              "Power": 0.0,
              "ObjectID": 38,
              "RegionID": 289,
              "LayerID": 26,
              "Name": "Uriel_Dir_Sh09",
              "LightGroup": 134742016
            }
          },
          {
            "classname": "base/directionallight",
            "properties": {
              "Position": [
                754.35,
                -6957.79,
                15285.28
              ],
              "Rotation": [
                50.761166,
                -8.600162,
                -3.5715659
              ],
              "Color": [
                1.0,
                0.4509804,
                0.30980393
              ],
              "Power": 0.0,
              "ObjectID": 37,
              "RegionID": 289,
              "LayerID": 26,
              "Name": "Uriel_Dir_Sh28",
              "LightGroup": 134742016
            }
          },
          {
            "classname": "base/sunlight",
            "properties": {
              "Position": [
                813.82135,
                -7139.313,
                15302.36
              ],
              "Rotation": [
                52.18,
                -70.29,
                -27.09
              ],
              "Color": [
                1.0,
                0.4509804,
                0.30980393
              ],
              "Power": 1.4,
              "ObjectID": 36,
              "RegionID": 289,
              "LayerID": 26,
              "Name": "SunLight_CS52",
              "LightGroup": 1073741825
            }
          },
          {
            "classname": "base/directionallight",
            "properties": {
              "Position": [
                614.35,
                -6990.79,
                15285.279
              ],
              "Rotation": [
                -50.712814,
                -43.936024,
                0.89966625
              ],
              "Color": [
                1.0,
                0.4509804,
                0.30980393
              ],
              "Power": 0.0,
              "ObjectID": 31,
              "RegionID": 289,
              "LayerID": 26,
              "Name": "War_Dir_Sh31",
              "LightGroup": 268435456
            }
          },
          {
            "classname": "base/directionallight",
            "properties": {
              "Position": [
                634.35,
                -6976.79,
                15285.279
              ],
              "Rotation": [
                -51.068195,
                -53.897667,
                27.595837
              ],
              "Color": [
                1.0,
                0.4509804,
                0.30980393
              ],
              "Power": 0.0,
              "ObjectID": 30,
              "RegionID": 289,
              "LayerID": 26,
              "Name": "War_Dir_Sh21",
              "LightGroup": 268435456
            }
          },
          {
            "classname": "base/omnilight",
            "properties": {
              "Static": false,
              "Color": [
                1.0,
                0.4509804,
                0.30980393
              ],
              "Power": 0.0,
              "Position": [
                400.69543,
                -6957.914,
                15278.734
              ],
              "ObjectID": 21,
              "RegionID": 289,
              "LayerID": 26,
              "Name": "Sword_Sh28",
              "LightGroup": 269484032
            }
          },
          {
            "classname": "base/directionallight",
            "properties": {
              "Position": [
                729.35,
                -6900.79,
                15285.279
              ],
              "Rotation": [
                10.95,
                21.66,
                21.84
              ],
              "Color": [
                1.0,
                0.4509804,
                0.30980393
              ],
              "Power": 0.0,
              "ObjectID": 19,
              "RegionID": 289,