{
  "classname": "RegionLayer",
  "properties": {
    "Root": {
      "classname": "WorldGroup",
      "properties": {
        "Objects": [
          {
            "classname": "base/directionallight",
            "properties": {
              "Position": [
                808.35,
                -6913.79,
                18111.28
              ],
              "Rotation": [
                1.5106058,
                -17.6919,
                -28.561954
              ],
              "Color": [
                1.0,
                0.4509804,
                0.30980393
              ],
              "Power": 0.0,
              "ObjectID": 20,
              "RegionID": 289,
              "LayerID": 24,
              "Name": "War_Dir_Sh24",
              "LightGroup": 268435456
            }
          },
          {
            "classname": "base/directionallight",
            "properties": {
              "Position": [
                776.35,
                -7011.79,
                18111.28
              ],
              "Rotation": [
                7.505903,
                39.85179,
                25.186989
              ],
              "Color": [
                1.0,
                0.4509804,
                0.30980393
              ],
              "Power": 0.3,
              "ObjectID": 19,
              "RegionID": 289,
              "LayerID": 24,
              "Name": "Sword",
              "LightGroup": 1048576
            }
          },
          {
            "classname": "base/directionallight",
            "properties": {
              "Position": [
                750.35,
                -6855.79,
                18111.28
              ],
              "Rotation": [
                165.68477,
                19.551596,
                -166.78638
              ],
              "Color": [
                0.56078434,
                0.81960785,
                1.0
              ],
              "Power": 0.25,
              "ObjectID": 15,
              "RegionID": 289,
              "LayerID": 24,
              "Name": "Angels_Dir_Up",
              "LightGroup": 16777216
            }
          },
          {
            "classname": "base/directionallight",
            "properties": {
              "Position": [
                748.35,
                -6964.79,
                18111.28
              ],
              "Rotation": [
                -155.1154,
                16.751394,
                176.02727
              ],
              "Color": [
                1.0,
                0.61960787,
                0.27058825
              ],
              "Power": 0.5,
              "ObjectID": 13,
              "RegionID": 289,
              "LayerID": 24,
              "Name": "Dragon_Dir_Up_01",
              "LightGroup": 536870912
            }
          },
          {
            "classname": "base/directionallight",
            "properties": {
              "Position": [
                776.3477,
                -6745.787,
                18235.283
              ],
              "Rotation": [
                8.619564,
                -55.664482,
                15.247032
              ],
              "Color": [
                1.0,
                0.4509804,
                0.30980393
              ],
              "Power": 0.3,
              "ObjectID": 12,
              "RegionID": 289,
              "LayerID": 24,
              "Name": "Env_Fill"
            }
          },
          {
            "classname": "base/directionallight",
            "properties": {
              "Position": [
                776.3477,
                -6774.787,
                18111.283
              ],
              "Rotation": [
                13.48,
                1.82,
                18.53
              ],
              "Color": [
                1.0,
                0.4509804,
                0.30980393
              ],
              "ObjectID": 11,
              "RegionID": 289,
              "LayerID": 24,
              "Name": "Minion_Dir",
              "LightGroup": 2097152
            }
          },
          {
            "classname": "base/directionallight",
            "properties": {
              "Position": [
                776.3477,
                -6801.787,
                18111.283
              ],
              "Rotation": [
                52.163315,
                41.84044,
                50.64674
              ],
              "Color": [
                1.0,
                0.4509804,
                0.30980393
              ],
              "Power": 0.8,
              "ObjectID": 10,
              "RegionID": 289,
              "LayerID": 24,
              "Name": "PG_Dir",
              "LightGroup": 4194304
            }
          },
          {
            "classname": "base/directionallight",
            "properties": {
              "Position": [
                776.3477,
                -6830.787,
                18111.283
              ],
              "Rotation": [
                13.48,
                1.82,
                18.53
              ],
              "Color": [
                1.0,
                0.4509804,
                0.30980393
              ],
              "Power": 0.7,
              "ObjectID": 9,
              "RegionID": 289,
              "LayerID": 24,
              "Name": "Trauma_Dir",
              "LightGroup": 8388608
            }
          },
          {
            "classname": "base/directionallight",
            "properties": {
              "Position": [
                776.3477,
                -6855.787,
                18111.283
              ],
              "Rotation": [
                13.48,
                1.82,
                18.53
              ],
              "Color": [
                1.0,
                0.6509804,
                0.5019608
              ],
              "ObjectID": 8,
              "RegionID": 289,
              "LayerID": 24,
              "Name": "Angels_Dir",
              "LightGroup": 16777216
            }
          },
          {
            "classname": "base/directionallight",
            "properties": {
              "Position": [
                776.3477,
                -6885.787,
                18111.283
              ],
              "Rotation": [
                13.48,
                1.82,
                18.53
              ],
              "Color": [
                1.0,
                0.4509804,
                0.30980393
              ],
              "Power": 0.25,
              "ObjectID": 7,
              "RegionID": 289,
              "LayerID": 24,
              "Name": "Uriel_Dir",
              "LightGroup": 134217728
            }
          },
          {
            "classname": "base/directionallight",
            "properties": {
              "Position": [
                748.35,
                -6939.79,
                18111.28
              ],
              "Rotation": [
                156.65416,
                18.848825,
                -178.79085
              ],
              "Color": [
                1.0,
                0.61960787,
                0.27058825
              ],
              "Power": 0.5,
              "ObjectID": 5,
              "RegionID": 289,
              "LayerID": 24,
              "Name": "Dragon_Dir_Up",
              "LightGroup": 536870912
            }
          },
          {
            "classname": "base/directionallight",
            "properties": {
              "Position": [
                776.3477,
                -6913.787,
                18111.283
              ],
              "Rotation": [
                13.48,
                1.82,
                18.53
              ],
              "Color": [
                1.0,
                0.4509804,
                0.30980393
              ],
              "Power": 0.6,
              "ObjectID": 4,
              "RegionID": 289,
              "LayerID": 24,
              "Name": "War_Dir",