{
  "classname": "RegionLayer",
  "properties": {
    "Root": {
      "classname": "WorldGroup",
      "properties": {
        "Objects": [
          {
            "classname": "base/omnilight",
            "properties": {
              "Static": false,
              "Color": [
                1.0,
                0.8117647,
                0.65882355
              ],
              "AttenStart": 0.0,
              "AttenEnd": 30.0,
              "Position": [
                8523.327,
                60905.836,
                596.3985
              ],
              "ObjectID": 9,
              "RegionID": 289,
              "LayerID": 21,
              "Name": "Azrael_Face",
              "LightGroup": 536870912
            }
          },
          {
            "classname": "base/directionallight",
            "properties": {
              "Position": [
                8468.49,
                60823.07,
                520.4
              ],
              "Rotation": [
                -24.5,
                25.11,
                9.78
              ],
              "Color": [
                1.0,
                0.8117647,
                0.65882355
              ],
              "Power": 1.2,
              "ObjectID": 7,
              "RegionID": 289,
              "LayerID": 21,
              "Name": "War_Sun_Sh01",
              "LightGroup": 268435456
            }
          },
          {
            "classname": "base/directionallight",
            "properties": {
              "Position": [
                8620.98,
                60798.38,
                516.72
              ],
              "Rotation": [
                -19.053158,
                16.327969,
                30.309612
              ],
              "Color": [
                1.0,
                0.8117647,
                0.65882355
              ],
              "Power": 0.4,
              "ObjectID": 6,
              "RegionID": 289,
              "LayerID": 21,
              "Name": "Azrael_Sun_Sh01",
              "LightGroup": 536870912
            }
          },
          {
            "classname": "base/directionallight",
            "properties": {
              "Position": [
                8629.58,
                60826.05,
                509.59
              ],
              "Rotation": [
                -139.66194,
                -39.269997,
                119.13449
              ],
              "Color": [
                1.0,
                0.67058825,
                0.5019608
              ],
              "Power": 0.2,
              "ObjectID": 5,
              "RegionID": 289,
              "LayerID": 21,
              "Name": "Azrael_Up_Sh01",
              "LightGroup": 536870912
            }
          },
          {
            "classname": "base/directionallight",
            "properties": {
              "Position": [
                8489.88,
                60882.13,
                520.91
              ],
              "Rotation": [
                140.93857,
                -20.360928,
                -112.72914
              ],
              "Color": [
                1.0,
                0.67058825,
                0.5019608
              ],
              "Power": 0.4,
              "ObjectID": 4,
              "RegionID": 289,
              "LayerID": 21,
              "Name": "War_Up_Sh01",
              "LightGroup": 268435456
            }
          }
        ]
      }
    },
    "NextObjectID": 9
  }
}