{
  "classname": "RegionLayer",
  "properties": {
    "Root": {
      "classname": "WorldGroup",
      "properties": {
        "Objects": [
          {
            "classname": "base/omnilight",
            "properties": {
              "Static": false,
              "Color": [
                0.7137255,
                0.827451,
                0.7921569
              ],
              "Power": 0.6,
              "AttenStart": 125.0,
              "AttenEnd": 250.0,
              "Position": [
                28586.654,
                -29298.256,
                991.6133
              ],
              "ObjectID": 14,
              "RegionID": 201,
              "LayerID": 7,
              "Name": "Door_24",
              "LightGroup": 1073741824
            }
          },
          {
            "classname": "base/omnilight",
            "properties": {
              "Static": false,
              "Color": [
                0.7137255,
                0.827451,
                0.7921569
              ],
              "Power": 0.6,
              "AttenStart": 125.0,
              "AttenEnd": 250.0,
              "Position": [
                27440.654,
                -29503.256,
                584.6133
              ],
              "ObjectID": 13,
              "RegionID": 201,
              "LayerID": 7,
              "Name": "Door_23",
              "LightGroup": 1073741824
            }
          },
          {
            "classname": "base/omnilight",
            "properties": {
              "Static": false,
              "Color": [
                0.6627451,
                0.76862746,
                0.8392157
              ],
              "Power": 0.5,
              "AttenEnd": 300.0,
              "Position": [
                26353.184,
                -28570.84,
                539.20135
              ],
              "ObjectID": 12,
              "RegionID": 201,
              "LayerID": 7,
              "Name": "OmniLight_33",
              "LightGroup": 1073741824
            }
          },
          {
            "classname": "base/omnilight",
            "properties": {
              "Static": false,
              "Color": [
                0.6627451,
                0.76862746,
                0.8392157
              ],
              "Power": 0.5,
              "AttenEnd": 300.0,
              "Position": [
                27443.184,
                -27724.84,
                513.20135
              ],
              "ObjectID": 11,
              "RegionID": 201,
              "LayerID": 7,
              "Name": "OmniLight_34",
              "LightGroup": 1073741824
            }
          }
        ]
      }
    },
    "NextObjectID": 15
  }
}