{
  "classname": "RegionLayer",
  "properties": {
    "Root": {
      "classname": "WorldGroup",
      "properties": {
        "Objects": [
          {
            "classname": "base/ortholight",
            "properties": {
              "Color": [
                0.6313726,
                0.49019608,
                0.32941177
              ],
              "Power": 0.0,
              "AttenStart": 200.0,
              "AttenEnd": 500.0,
              "Width": 300.0,
              "Height": 300.0,
              "ShadowBias": -0.34201145,
              "Position": [
                -16115.84,
                -26205.32,
                -614.19
              ],
              "Rotation": [
                -69.66,
                23.65,
                -39.97
              ],
              "ObjectID": 7,
              "RegionID": 286,
              "LayerID": 52,
              "Name": "TGateFaceOrtho",
              "LightGroup": 268435456
            }
          },
          {
            "classname": "base/ortholight",
            "properties": {
              "Color": [
                0.6313726,
                0.49019608,
                0.32941177
              ],
              "Power": 0.75,
              "AttenStart": 200.0,
              "AttenEnd": 400.0,
              "Width": 400.0,
              "Height": 400.0,
              "ShadowBias": -0.34201145,
              "Position": [
                -16094.84,
                -26239.32,
                -811.19
              ],
              "Rotation": [
                -30.99,
                -12.56,
                3.56
              ],
              "ObjectID": 6,
              "RegionID": 286,
              "LayerID": 52,
              "Name": "WarOrtho",
              "LightGroup": 1073741824
            }
          },
          {
            "classname": "base/ortholight",
            "properties": {
              "Color": [
                0.6313726,
                0.49019608,
                0.33333334
              ],
              "Power": 0.5,
              "Width": 600.0,
              "Height": 600.0,
              "ShadowBias": -0.34201145,
              "Position": [
                -16873.84,
                -26365.32,
                -969.18994
              ],
              "Rotation": [
                175.72,
                47.27,
                -13.71
              ],
              "ObjectID": 5,
              "RegionID": 286,
              "LayerID": 52,
              "Name": "TGateUpLight",
              "LightGroup": 268435456
            }
          },
          {
            "classname": "base/ortholight",
            "properties": {
              "Color": [
                0.6313726,
                0.49019608,
                0.32941177
              ],
              "Power": 0.5,
              "AttenEnd": 1000.0,
              "ShadowBias": -0.34201145,
              "Position": [
                -16433.84,
                -26205.32,
                -240.19
              ],
              "Rotation": [
                -30.67,
                9.87,
                -9.68
              ],
              "ObjectID": 4,
              "RegionID": 286,
              "LayerID": 52,
              "Name": "TGateOrtho",
              "LightGroup": 268435456
            }
          }
        ]
      }
    },
    "NextObjectID": 7
  }
}