{
  "classname": "RegionLayer",
  "properties": {
    "Root": {
      "classname": "WorldGroup",
      "properties": {
        "Objects": [
          {
            "classname": "base/ortholight",
            "properties": {
              "Color": [
                0.8784314,
                0.92941177,
                1.0
              ],
              "Power": 0.0,
              "AttenStart": 0.0,
              "AttenEnd": 400.0,
              "Width": 400.0,
              "Height": 400.0,
              "ShadowBias": null,
              "Position": [
                12351.95,
                -13709.16,
                368.0
              ],
              "Rotation": [
                -7.4548,
                47.128082,
                -85.15145
              ],
              "ObjectID": 22,
              "RegionID": 286,
              "LayerID": 34,
              "Name": "War_Omni_Sh3",
              "LightGroup": 268435456
            }
          },
          {
            "classname": "base/directionallight",
            "properties": {
              "Position": [
                12503.98,
                -13515.37,
                385.69
              ],
              "Rotation": [
                -178.01564,
                37.23219,
                -174.11488
              ],
              "Color": [
                0.47058824,
                0.2784314,
                0.19215687
              ],
              "ObjectID": 20,
              "RegionID": 286,
              "LayerID": 34,
              "Name": "DirectionalLight_01",
              "LightGroup": 268435456
            }
          },
          {
            "classname": "base/directionallight",
            "properties": {
              "Position": [
                12633.09,
                -13559.27,
                333.0
              ],
              "Rotation": [
                -34.96771,
                8.831931,
                -172.06396
              ],
              "Color": [
                0.6,
                0.78431374,
                0.8
              ],
              "Power": 0.0,
              "ObjectID": 19,
              "RegionID": 286,
              "LayerID": 34,
              "Name": "TGateDirect_04",
              "LightGroup": 536870912
            }
          },
          {
            "classname": "base/sunlight",
            "properties": {
              "Position": [
                12597.089,
                -13559.272,
                278.9999
              ],
              "Rotation": [
                32.02,
                -1.7,
                -1.06
              ],
              "Color": [
                0.654902,
                0.7921569,
                0.8
              ],
              "Power": 0.75,
              "ObjectID": 18,
              "RegionID": 286,
              "LayerID": 34,
              "Name": "SunLight_02",
              "LightGroup": 268435457
            }
          },
          {
            "classname": "base/omnilight",
            "properties": {
              "Static": false,
              "Color": [
                0.6392157,
                0.27058825,
                0.13333334
              ],
              "AttenStart": 200.0,
              "AttenEnd": 350.0,
              "Position": [
                12924.948,
                -13509.159,
                326.99988
              ],
              "ObjectID": 17,
              "RegionID": 286,
              "LayerID": 34,
              "Name": "OmniLight_02",
              "LightGroup": 536870912
            }
          },
          {
            "classname": "base/omnilight",
            "properties": {
              "Static": false,
              "Color": [
                0.7294118,
                0.4,
                0.2901961
              ],
              "Power": 0.65,
              "AttenStart": 200.0,
              "AttenEnd": 300.0,
              "Position": [
                13037.948,
                -13808.159,
                345.99982
              ],
              "Enabled": false,
              "ObjectID": 16,
              "RegionID": 286,
              "LayerID": 34,
              "Name": "OmniLight_01",
              "LightGroup": 536870912
            }
          },
          {
            "classname": "base/directionallight",
            "properties": {
              "Position": [
                12939.98,
                -13515.37,
                385.69
              ],
              "Rotation": [
                -156.22327,
                27.23767,
                -174.50267
              ],
              "Color": [
                0.47058824,
                0.2627451,
                0.16470589
              ],
              "Power": 1.2,
              "ObjectID": 15,
              "RegionID": 286,
              "LayerID": 34,
              "Name": "DirectionalLight",
              "LightGroup": 536870912
            }
          },
          {
            "classname": "base/spotlight",
            "properties": {
              "Color": [
                0.81960785,
                0.9098039,
                1.0
              ],
              "Power": 0.0,
              "AttenEnd": 500.0,
              "FOV": 65.0,
              "Static": false,
              "Position": [
                12472.02,
                -13681.89,
                590.52
              ],
              "Rotation": [
                -38.01,
                -12.51,
                114.28
              ],
              "ObjectID": 13,
              "RegionID": 286,
              "LayerID": 34,
              "Name": "War_Spot_Sh14",
              "LightGroup": 268435456
            }
          },
          {
            "classname": "base/ortholight",
            "properties": {
              "Color": [
                0.81960785,
                0.9098039,
                1.0
              ],
              "Power": 0.5,
              "AttenStart": 0.0,
              "AttenEnd": 1100.0,
              "ShadowBias": 2.19e-43,
              "Position": [
                12343.8,
                -13559.15,
                592.69
              ],
              "Rotation": [
                28.43,
                -41.44,
                -16.86
              ],
              "ObjectID": 11,
              "RegionID": 286,
              "LayerID": 34,
              "Name": "War_Ortho",
              "LightGroup": 268435456
            }
          },
          {
            "classname": "base/ortholight",
            "properties": {
              "Color": [
                0.654902,
                0.7294118,
                0.8
              ],
              "Power": 0.5,
              "AttenStart": 0.0,
              "AttenEnd": 1100.0,
              "Width": 1500.0,
              "ShadowBias": 2.19e-43,
              "Position": [
                12430.8,
                -13780.15,
                510.69
              ],
              "Rotation": [
                49.79,
                -73.61,
                6.57
              ],
              "ObjectID": 5,
              "RegionID": 286,
              "LayerID": 34,
              "Name": "TG_Ortho",
              "LightGroup": 536870912
            }
          },
          {
            "classname": "base/omnilight",
            "properties": {
              "Static": false,
              "Color": [
                0.85882354,
                0.92156863,
                1.0
              ],
              "Power": 0.0,
              "AttenStart": 100.0,
              "AttenEnd": 1500.0,
              "Position": [
                12692.411,
                -13794.355,
                443.99988
              ],
              "ObjectID": 1,
              "RegionID": 286,
              "LayerID": 34,
              "Name": "War_Omni",
              "LightGroup": 268435456
            }
          }
        ]
      }
    },
    "NextObjectID": 23
  }
}