{
  "classname": "RegionLayer",
  "properties": {
    "Root": {
      "classname": "WorldGroup",
      "properties": {
        "Objects": [
          {
            "classname": "base/directionallight",
            "properties": {
              "Position": [
                -4064.67,
                -28930.7,
                66.0
              ],
              "Rotation": [
                43.034218,
                19.620897,
                17.41087
              ],
              "Color": [
                1.0,
                0.83137256,
                0.6392157
              ],
              "Power": 0.0,
              "ObjectID": 44,
              "RegionID": 286,
              "LayerID": 35,
              "Name": "War_Sh12H",
              "LightGroup": 268435456
            }
          },
          {
            "classname": "base/directionallight",
            "properties": {
              "Position": [
                -4105.67,
                -29002.7,
                66.0
              ],
              "Rotation": [
                76.086365,
                -48.52612,
                -71.701775
              ],
              "Color": [
                1.0,
                0.83137256,
                0.6392157
              ],
              "Power": 0.0,
              "ObjectID": 43,
              "RegionID": 286,
              "LayerID": 35,
              "Name": "War_Sh10H",
              "LightGroup": 268435456
            }
          },
          {
            "classname": "base/directionallight",
            "properties": {
              "Position": [
                -4039.67,
                -29002.7,
                66.0
              ],
              "Rotation": [
                54.99072,
                38.29721,
                41.50439
              ],
              "Color": [
                1.0,
                0.83137256,
                0.6392157
              ],
              "Power": 0.0,
              "ObjectID": 42,
              "RegionID": 286,
              "LayerID": 35,
              "Name": "War_Sh20",
              "LightGroup": 268435456
            }
          },
          {
            "classname": "base/omnilight",
            "properties": {
              "Static": false,
              "Color": [
                1.0,
                0.9137255,
                0.8
              ],
              "Power": 0.0,
              "AttenEnd": 500.0,
              "Position": [
                -3986.4624,
                -29016.025,
                159.99997
              ],
              "ObjectID": 37,
              "RegionID": 286,
              "LayerID": 35,
              "Name": "Vulgrim_sh18",
              "LightGroup": 536870912
            }
          },
          {
            "classname": "base/omnilight",
            "properties": {
              "Static": false,
              "Color": [
                1.0,
                0.9137255,
                0.8
              ],
              "Power": 0.0,
              "Position": [
                -3904.4624,
                -28933.025,
                84.99997
              ],
              "ObjectID": 35,
              "RegionID": 286,
              "LayerID": 35,
              "Name": "War_Sh17",
              "LightGroup": 268435456
            }
          },
          {
            "classname": "base/spotlight",
            "properties": {
              "Color": [
                0.9372549,
                0.87058824,
                0.69411767
              ],
              "Power": 0.0,
              "AttenStart": 250.0,
              "AttenEnd": 850.0,
              "FOV": 105.0,
              "Static": false,
              "Position": [
                -4385.92,
                -28936.95,
                252.0
              ],
              "Rotation": [
                19.078407,
                56.512733,
                -145.0091
              ],
              "ObjectID": 33,
              "RegionID": 286,
              "LayerID": 35,
              "Name": "War_Back_Sh_13",
              "LightGroup": 268435456
            }
          },
          {
            "classname": "base/ortholight",
            "properties": {
              "Color": [
                1.0,
                0.6313726,
                0.41960785
              ],
              "Power": 0.0,
              "CastShadows": true,
              "AttenStart": 0.0,
              "ShadowBias": -1.28182,
              "Position": [
                -4899.91,
                -28330.21,
                285.77
              ],
              "Rotation": [
                135.12,
                69.36,
                -142.11
              ],
              "ObjectID": 32,
              "RegionID": 286,
              "LayerID": 35,
              "Name": "Vulgrim_Sun_Sh14_fm75",
              "LightGroup": 536870912
            }
          },
          {
            "classname": "base/omnilight",
            "properties": {
              "Static": false,
              "Color": [
                1.0,
                0.7372549,
                0.50980395
              ],
              "Power": 0.0,
              "AttenStart": 250.0,
              "AttenEnd": 1000.0,
              "Position": [
                -3825.15,
                -29566.6,
                1532.0
              ],
              "ObjectID": 30,
              "RegionID": 286,
              "LayerID": 35,
              "Name": "Vulgrim_Point",
              "LightGroup": 536870912
            }
          },
          {
            "classname": "base/ortholight",
            "properties": {
              "Color": [
                1.0,
                0.92941177,
                0.8392157
              ],
              "Power": 0.0,
              "CastShadows": true,
              "AttenStart": 0.0,
              "ShadowBias": 3e-45,
              "Position": [
                -3896.17,
                -29112.72,
                168.62
              ],
              "Rotation": [
                37.71329,
                -0.9358872,
                20.755196
              ],
              "ObjectID": 29,
              "RegionID": 286,
              "LayerID": 35,
              "Name": "OrthoLight_Sh17",
              "LightGroup": 1879048192
            }
          },
          {
            "classname": "base/omnilight",
            "properties": {
              "Static": false,
              "Color": [
                1.0,
                0.9137255,
                0.8
              ],
              "Power": 0.0,
              "Position": [
                -4019.4624,
                -28919.025,
                84.99997
              ],
              "ObjectID": 28,
              "RegionID": 286,
              "LayerID": 35,
              "Name": "Vulgrim_Sh18_Omni",
              "LightGroup": 536870912
            }
          },
          {
            "classname": "base/spotlight",
            "properties": {
              "Color": [
                0.9372549,
                0.87058824,
                0.69411767
              ],
              "Power": 0.0,
              "AttenStart": 250.0,
              "AttenEnd": 850.0,
              "FOV": 65.0,
              "Static": false,
              "Position": [
                -3880.92,
                -28952.95,
                371.0
              ],
              "Rotation": [
                -4.71,
                -22.06,
                -161.58
              ],
              "ObjectID": 26,
              "RegionID": 286,
              "LayerID": 35,
              "Name": "War_Sh_12_13",
              "LightGroup": 268435456
            }
          },
          {
            "classname": "base/spotlight",
            "properties": {
              "Color": [
                0.9372549,
                0.87058824,
                0.69411767
              ],
              "Power": 0.0,
              "AttenStart": 250.0,
              "AttenEnd": 850.0,
              "FOV": 65.0,