{
  "classname": "RegionLayer",
  "properties": {
    "Root": {
      "classname": "WorldGroup",
      "properties": {
        "Objects": [
          {
            "classname": "base/omnilight",
            "properties": {
              "Static": false,
              "Color": [
                0.5882353,
                0.25490198,
                0.12941177
              ],
              "AttenStart": 200.0,
              "AttenEnd": 350.0,
              "Position": [
                12913.948,
                -13509.159,
                327.99988
              ],
              "ObjectID": 20,
              "RegionID": 286,
              "LayerID": 32,
              "Name": "OmniLight_03",
              "LightGroup": 536870912
            }
          },
          {
            "classname": "base/directionallight",
            "properties": {
              "Position": [
                12633.09,
                -13559.27,
                333.0
              ],
              "Rotation": [
                -34.496113,
                0.6068192,
                -166.35196
              ],
              "Color": [
                0.6,
                0.78431374,
                0.8
              ],
              "ObjectID": 19,
              "RegionID": 286,
              "LayerID": 32,
              "Name": "TGateDirect_04",
              "LightGroup": 536870912
            }
          },
          {
            "classname": "base/omnilight",
            "properties": {
              "Static": false,
              "Color": [
                0.7294118,
                0.44313726,
                0.34901962
              ],
              "Power": 0.6,
              "AttenStart": 100.0,
              "AttenEnd": 300.0,
              "Position": [
                12875.948,
                -13736.159,
                407.99988
              ],
              "Enabled": false,
              "ObjectID": 17,
              "RegionID": 286,
              "LayerID": 32,
              "Name": "OmniLight_01",
              "LightGroup": 536870912
            }
          },
          {
            "classname": "base/sunlight",
            "properties": {
              "Position": [
                12597.089,
                -13559.272,
                278.9999
              ],
              "Rotation": [
                32.02,
                -1.7,
                -1.06
              ],
              "Color": [
                0.654902,
                0.7921569,
                0.8
              ],
              "Power": 0.75,
              "ObjectID": 13,
              "RegionID": 286,
              "LayerID": 32,
              "Name": "SunLight_02",
              "LightGroup": 268435457
            }
          },
          {
            "classname": "base/spotlight",
            "properties": {
              "Color": [
                0.81960785,
                0.9098039,
                1.0
              ],
              "Power": 0.75,
              "AttenStart": 300.0,
              "AttenEnd": 2000.0,
              "FOV": 110.0,
              "Static": false,
              "Position": [
                11891.85,
                -13599.29,
                1412.01
              ],
              "Rotation": [
                0.0,
                12.0,
                8.0
              ],
              "ObjectID": 12,
              "RegionID": 286,
              "LayerID": 32,
              "Name": "TG_Back_Spot",
              "LightGroup": 536870912
            }
          },
          {
            "classname": "base/omnilight",
            "properties": {
              "Static": false,
              "Color": [
                0.81960785,
                0.9098039,
                1.0
              ],
              "Power": 0.75,
              "AttenStart": 100.0,
              "AttenEnd": 200.0,
              "Position": [
                12331.948,
                -13591.159,
                339.99988
              ],
              "ObjectID": 5,
              "RegionID": 286,
              "LayerID": 32,
              "Name": "OmniLight",
              "LightGroup": 1073741824
            }
          },
          {
            "classname": "base/directionallight",
            "properties": {
              "Position": [
                12939.98,
                -13515.37,
                385.69
              ],
              "Rotation": [
                -156.22327,
                27.23767,
                -174.50267
              ],
              "Color": [
                0.5411765,
                0.2901961,
                0.17254902
              ],
              "ObjectID": 3,
              "RegionID": 286,
              "LayerID": 32,
              "Name": "DirectionalLight",
              "LightGroup": 1610612736
            }
          }
        ]
      }
    },
    "NextObjectID": 20
  }
}