{
  "classname": "RegionLayer",
  "properties": {
    "Root": {
      "classname": "WorldGroup",
      "properties": {
        "Objects": [
          {
            "classname": "base/ortholight",
            "properties": {
              "Color": [
                0.6313726,
                0.49019608,
                0.32941177
              ],
              "Power": 0.25,
              "AttenStart": 200.0,
              "AttenEnd": 400.0,
              "Width": 400.0,
              "Height": 400.0,
              "ShadowBias": -0.34201145,
              "Position": [
                -16094.84,
                -26237.32,
                -811.19
              ],
              "Rotation": [
                -30.99,
                -12.56,
                3.56
              ],
              "Enabled": false,
              "ObjectID": 6,
              "RegionID": 286,
              "LayerID": 53,
              "Name": "WarOrtho_01",
              "LightGroup": 1073741824
            }
          },
          {
            "classname": "base/ortholight",
            "properties": {
              "Color": [
                0.6313726,
                0.49019608,
                0.33333334
              ],
              "Power": 0.25,
              "Width": 1000.0,
              "Height": 1000.0,
              "ShadowBias": -0.34201145,
              "Position": [
                -16617.84,
                -26363.32,
                -946.19
              ],
              "Rotation": [
                175.72,
                47.27,
                -13.71
              ],
              "Enabled": false,
              "ObjectID": 5,
              "RegionID": 286,
              "LayerID": 53,
              "Name": "TGateUpLight_01",
              "LightGroup": 268435456
            }
          },
          {
            "classname": "base/ortholight",
            "properties": {
              "Color": [
                0.6313726,
                0.49019608,
                0.32941177
              ],
              "Power": 0.5,
              "AttenEnd": 1200.0,
              "Width": 1200.0,
              "Height": 1200.0,
              "ShadowBias": -0.34201145,
              "Position": [
                -16203.84,
                -26514.32,
                67.81
              ],
              "Rotation": [
                -30.67,
                9.87,
                -9.68
              ],
              "Enabled": false,
              "ObjectID": 4,
              "RegionID": 286,
              "LayerID": 53,
              "Name": "TGateOrtho_01",
              "LightGroup": 268435456
            }
          },
          {
            "classname": "base/omnilight",
            "properties": {
              "Position": [
                -16568.297,
                -25776.88,
                -959.6092
              ],
              "ObjectID": 2,
              "RegionID": 286,
              "LayerID": 53,
              "Name": "Placeholder"
            }
          }
        ]
      }
    },
    "NextObjectID": 6
  }
}