{
  "classname": "RegionLayer",
  "properties": {
    "Root": {
      "classname": "WorldGroup",
      "properties": {
        "Objects": [
          {
            "classname": "base/directionallight",
            "properties": {
              "Position": [
                -4164.34,
                -27164.69,
                253.93
              ],
              "Rotation": [
                53.766983,
                -5.1452603,
                -26.587585
              ],
              "Color": [
                1.0,
                0.76862746,
                0.50980395
              ],
              "Power": 0.5,
              "ObjectID": 41,
              "RegionID": 286,
              "LayerID": 31,
              "Name": "TGate_Dir",
              "LightGroup": 536870912
            }
          },
          {
            "classname": "base/directionallight",
            "properties": {
              "Position": [
                -4120.34,
                -27164.69,
                253.93
              ],
              "Rotation": [
                73.8,
                -9.91,
                -42.0
              ],
              "Color": [
                1.0,
                0.76862746,
                0.50980395
              ],
              "Power": 0.7,
              "ObjectID": 40,
              "RegionID": 286,
              "LayerID": 31,
              "Name": "War_Directional",
              "LightGroup": 268435456
            }
          },
          {
            "classname": "base/directionallight",
            "properties": {
              "Position": [
                -4059.34,
                -27139.69,
                253.93
              ],
              "Rotation": [
                -168.91982,
                -0.019999754,
                -11.409983
              ],
              "Color": [
                0.5294118,
                0.49803922,
                0.2
              ],
              "Power": 0.7,
              "ObjectID": 39,
              "RegionID": 286,
              "LayerID": 31,
              "Name": "DirectionalLight_01",
              "LightGroup": -2147483648
            }
          },
          {
            "classname": "base/directionallight",
            "properties": {
              "Position": [
                -4059.34,
                -27119.69,
                253.93
              ],
              "Rotation": [
                -140.92,
                -0.02,
                -11.41
              ],
              "Color": [
                0.5294118,
                0.49803922,
                0.2
              ],
              "Power": 0.5,
              "ObjectID": 38,
              "RegionID": 286,
              "LayerID": 31,
              "Name": "DirectionalLight",
              "LightGroup": 1073741824
            }
          },
          {
            "classname": "base/sunlight",
            "properties": {
              "Position": [
                -3643.94,
                -29204.82,
                283.0
              ],
              "Rotation": [
                33.999996,
                -16.676405,
                -14.558211
              ],
              "Color": [
                0.9019608,
                0.69411767,
                0.45882353
              ],
              "Power": 1.4,
              "ObjectID": 36,
              "RegionID": 286,
              "LayerID": 31,
              "Name": "SunLight_01",
              "LightGroup": 1073741825
            }
          },
          {
            "classname": "base/omnilight",
            "properties": {
              "Static": false,
              "Color": [
                1.0,
                0.9529412,
                0.85882354
              ],
              "Power": 0.6,
              "AttenEnd": 100.0,
              "Position": [
                -4037.6538,
                -27459.898,
                160.47803
              ],
              "ObjectID": 34,
              "RegionID": 286,
              "LayerID": 31,
              "Name": "Sun_Fill_War_Steps",
              "LightGroup": 268435456
            }
          },
          {
            "classname": "base/omnilight",
            "properties": {
              "Static": false,
              "Color": [
                1.0,
                0.9529412,
                0.85882354
              ],
              "Position": [
                -4037.6538,
                -27541.898,
                160.47803
              ],
              "ObjectID": 33,
              "RegionID": 286,
              "LayerID": 31,
              "Name": "Sun_Fill_War",
              "LightGroup": 268435456
            }
          },
          {
            "classname": "base/omnilight",
            "properties": {
              "Static": false,
              "Color": [
                0.80784315,
                0.8980392,
                1.0
              ],
              "Power": 0.3,
              "AttenStart": 75.0,
              "Position": [
                -3951.6538,
                -27497.898,
                78.47797
              ],
              "Enabled": false,
              "ObjectID": 32,
              "RegionID": 286,
              "LayerID": 31,
              "Name": "Blue_Fill_War",
              "LightGroup": 268435456
            }
          },
          {
            "classname": "base/omnilight",
            "properties": {
              "Static": false,
              "Color": [
                1.0,
                0.9529412,
                0.85882354
              ],
              "Power": 0.5,
              "AttenStart": 1500.0,
              "AttenEnd": 5000.0,
              "Position": [
                -4778.654,
                -28686.898,
                1416.478
              ],
              "Enabled": false,
              "ObjectID": 31,
              "RegionID": 286,
              "LayerID": 31,
              "Name": "Sun_Fill_01",
              "LightGroup": 536870912
            }
          },
          {
            "classname": "base/omnilight",
            "properties": {
              "Static": false,
              "Color": [
                0.92941177,
                0.80784315,
                0.6313726
              ],
              "Power": 2.0,
              "AttenStart": 500.0,
              "AttenEnd": 1500.0,
              "Position": [
                -2743.9473,
                -29702.48,
                2516.8577
              ],
              "ObjectID": 19,
              "RegionID": 286,
              "LayerID": 31,
              "Name": "HG_Omni_Sun_05",
              "LightGroup": 4
            }
          },
          {
            "classname": "base/omnilight",
            "properties": {
              "Static": false,
              "Color": [
                0.92941177,
                0.49019608,
                0.08235294
              ],
              "Power": 0.5,
              "AttenStart": 175.0,
              "AttenEnd": 450.0,
              "Position": [
                -933.94727,
                -27186.48,
                1232.8577
              ],
              "ObjectID": 17,
              "RegionID": 286,
              "LayerID": 31,
              "Name": "HG_Omni_02"
            }
          },
          {
            "classname": "base/omnilight",
            "properties": {
              "Static": false,
              "Color": [
                0.95686275,
                0.8509804,
                0.67058825
              ],
              "Power": 1.5,
              "AttenStart": 2500.0,
              "AttenEnd": 4000.0,
              "Position": [
                -10284.947,
                -27958.48,
                1913.8574
              ],
              "ObjectID": 16,
              "RegionID": 286,
              "LayerID": 31,
              "Name": "Building_Sun_06"
            }
          },
          {
            "classname": "base/omnilight",
            "properties": {
              "Static": false,