{
  "classname": "RegionLayer",
  "properties": {
    "Root": {
      "classname": "WorldGroup",
      "properties": {
        "Objects": [
          {
            "classname": "base/directionallight",
            "properties": {
              "Position": [
                -4296.96,
                -16102.98,
                205.36
              ],
              "Rotation": [
                -37.620777,
                -18.83277,
                43.929054
              ],
              "Color": [
                1.0,
                0.9098039,
                0.7882353
              ],
              "Power": 0.0,
              "ObjectID": 15,
              "RegionID": 288,
              "LayerID": 23,
              "Name": "Samael_Sun_Sh17",
              "LightGroup": 603979776
            }
          },
          {
            "classname": "base/directionallight",
            "properties": {
              "Position": [
                -4261.96,
                -16101.98,
                205.36
              ],
              "Rotation": [
                -45.02,
                16.69,
                -46.06
              ],
              "Color": [
                1.0,
                0.9098039,
                0.7882353
              ],
              "Power": 0.0,
              "ObjectID": 13,
              "RegionID": 288,
              "LayerID": 23,
              "Name": "Samael_Sun_Sh07",
              "LightGroup": 603979776
            }
          },
          {
            "classname": "base/directionallight",
            "properties": {
              "Position": [
                -4689.73,
                -16156.13,
                261.57
              ],
              "Rotation": [
                -98.71313,
                -12.799698,
                107.7811
              ],
              "Color": [
                0.8,
                0.8392157,
                1.0
              ],
              "Power": 0.0,
              "ObjectID": 12,
              "RegionID": 288,
              "LayerID": 23,
              "Name": "War_City_Sh17",
              "LightGroup": 268435456
            }
          },
          {
            "classname": "base/directionallight",
            "properties": {
              "Position": [
                -4179.96,
                -16144.98,
                205.36
              ],
              "Rotation": [
                -160.916,
                32.51997,
                -169.46317
              ],
              "Color": [
                1.0,
                0.6,
                0.10980392
              ],
              "ObjectID": 11,
              "RegionID": 288,
              "LayerID": 23,
              "Name": "Heart_Pit",
              "LightGroup": 67108864
            }
          },
          {
            "classname": "base/omnilight",
            "properties": {
              "Static": false,
              "Color": [
                1.0,
                0.6,
                0.10980392
              ],
              "Power": 0.0,
              "Position": [
                -4308.445,
                -16296.966,
                173.133
              ],
              "ObjectID": 10,
              "RegionID": 288,
              "LayerID": 23,
              "Name": "War_Pit_Sh02",
              "LightGroup": 335544320
            }
          },
          {
            "classname": "base/directionallight",
            "properties": {
              "Position": [
                -4202.96,
                -16171.98,
                205.36
              ],
              "Rotation": [
                159.48,
                16.42,
                -7.77
              ],
              "Color": [
                1.0,
                0.9098039,
                0.7882353
              ],
              "Power": -0.3,
              "ObjectID": 8,
              "RegionID": 288,
              "LayerID": 23,
              "Name": "Watcher_Neg",
              "LightGroup": 134217728
            }
          },
          {
            "classname": "base/directionallight",
            "properties": {
              "Position": [
                -4229.96,
                -16171.98,
                205.36
              ],
              "Rotation": [
                -29.429996,
                -23.020002,
                7.0000014
              ],
              "Color": [
                1.0,
                0.9098039,
                0.7882353
              ],
              "Power": 1.2,
              "ObjectID": 7,
              "RegionID": 288,
              "LayerID": 23,
              "Name": "Watcher_Sun",
              "LightGroup": 134217728
            }
          },
          {
            "classname": "base/directionallight",
            "properties": {
              "Position": [
                -4204.96,
                -16144.98,
                205.36
              ],
              "Rotation": [
                -160.916,
                32.51997,
                -169.46317
              ],
              "Color": [
                1.0,
                0.6,
                0.10980392
              ],
              "Power": 0.0,
              "ObjectID": 6,
              "RegionID": 288,
              "LayerID": 23,
              "Name": "War_Pit",
              "LightGroup": 268435456
            }
          },
          {
            "classname": "base/directionallight",
            "properties": {
              "Position": [
                -4229.96,
                -16139.98,
                205.36
              ],
              "Rotation": [
                -17.43,
                -23.02,
                7.0
              ],
              "Color": [
                1.0,
                0.9098039,
                0.7882353
              ],
              "Power": 0.0,
              "ObjectID": 5,
              "RegionID": 288,
              "LayerID": 23,
              "Name": "War_Sun",
              "LightGroup": 268435456
            }
          },
          {
            "classname": "base/directionallight",
            "properties": {
              "Position": [
                -4204.96,
                -16102.98,
                205.36
              ],
              "Rotation": [
                -160.916,
                32.51997,
                -169.46317
              ],
              "Color": [
                1.0,
                0.6,
                0.10980392
              ],
              "Power": 0.2,
              "ObjectID": 4,
              "RegionID": 288,
              "LayerID": 23,
              "Name": "Samael_Pit",
              "LightGroup": 603979776
            }
          },
          {
            "classname": "base/directionallight",
            "properties": {
              "Position": [
                -4229.96,
                -16102.98,
                205.36
              ],
              "Rotation": [
                -27.542418,
                -3.0027206,
                -2.1400692
              ],
              "Color": [
                1.0,
                0.9098039,
                0.7882353
              ],
              "Power": 0.0,
              "ObjectID": 3,
              "RegionID": 288,
              "LayerID": 23,
              "Name": "Samael_Sun",
              "LightGroup": 603979776
            }
          },
          {
            "classname": "base/sunlight",
            "properties": {
              "Position": [
                -4258.1313,
                -16278.133,
                203.56589
              ],
              "Rotation": [
                -28.529612,
                -18.371918,
                -11.382672
              ],
              "Color": [
                0.85882354,
                0.78431374,
                0.6784314
              ],
              "Power": 1.5,
              "ObjectID": 1,
              "RegionID": 288,
              "LayerID": 23,
              "Name": "SunLight",