{
  "classname": "RegionLayer",
  "properties": {
    "Root": {
      "classname": "WorldGroup",
      "properties": {
        "Objects": [
          {
            "classname": "base/directionallight",
            "properties": {
              "Position": [
                -210.17,
                -4722.87,
                -46.32
              ],
              "Rotation": [
                -41.789986,
                -64.28994,
                16.579998
              ],
              "Color": [
                1.0,
                0.38039216,
                0.21960784
              ],
              "Power": 0.0,
              "ObjectID": 9,
              "RegionID": 288,
              "LayerID": 38,
              "Name": "War_Warm_Sh08",
              "LightGroup": 268435456
            }
          },
          {
            "classname": "base/directionallight",
            "properties": {
              "Position": [
                -201.17,
                -4669.87,
                -46.32
              ],
              "Rotation": [
                110.010025,
                -67.08999,
                45.209972
              ],
              "Color": [
                0.6901961,
                1.0,
                1.0
              ],
              "Power": 0.0,
              "ObjectID": 8,
              "RegionID": 288,
              "LayerID": 38,
              "Name": "War_Cool_Sh08",
              "LightGroup": 268435456
            }
          },
          {
            "classname": "base/directionallight",
            "properties": {
              "Position": [
                -214.17,
                -4805.87,
                -46.32
              ],
              "Rotation": [
                31.412971,
                -3.311269,
                2.2945387
              ],
              "Color": [
                1.0,
                0.6509804,
                0.23137255
              ],
              "Power": 0.0,
              "ObjectID": 7,
              "RegionID": 288,
              "LayerID": 38,
              "Name": "War_Fire_Sh08",
              "LightGroup": 268435456
            }
          },
          {
            "classname": "base/directionallight",
            "properties": {
              "Position": [
                -126.17,
                -4720.87,
                -46.32
              ],
              "Rotation": [
                10.941869,
                -16.88077,
                -6.341201
              ],
              "Color": [
                1.0,
                0.6509804,
                0.23137255
              ],
              "Power": 1.5,
              "ObjectID": 5,
              "RegionID": 288,
              "LayerID": 38,
              "Name": "War_Fire_Sh01",
              "LightGroup": 268435456
            }
          },
          {
            "classname": "base/directionallight",
            "properties": {
              "Position": [
                -124.17,
                -4669.87,
                -46.32
              ],
              "Rotation": [
                164.0091,
                -67.0944,
                45.214912
              ],
              "Color": [
                0.6901961,
                1.0,
                1.0
              ],
              "Power": 0.5,
              "ObjectID": 4,
              "RegionID": 288,
              "LayerID": 38,
              "Name": "War_Cool_Sh01",
              "LightGroup": 268435456
            }
          },
          {
            "classname": "base/directionallight",
            "properties": {
              "Position": [
                -124.17,
                -4608.87,
                -46.32
              ],
              "Rotation": [
                -158.00012,
                -63.999935,
                -137.99995
              ],
              "Color": [
                1.0,
                0.38039216,
                0.21960784
              ],
              "Power": 0.7,
              "ObjectID": 3,
              "RegionID": 288,
              "LayerID": 38,
              "Name": "Azrael_Warm_Sh02",
              "LightGroup": 536870912
            }
          },
          {
            "classname": "base/omnilight",
            "properties": {
              "Static": false,
              "Color": [
                0.7019608,
                0.8901961,
                1.0
              ],
              "AttenStart": 500.0,
              "AttenEnd": 2000.0,
              "Position": [
                -255.87732,
                -4612.809,
                1689.0
              ],
              "ObjectID": 1,
              "RegionID": 288,
              "LayerID": 38,
              "Name": "Ceiling_Omni",
              "LightGroup": 1073741824
            }
          }
        ]
      }
    },
    "NextObjectID": 9
  }
}