{
  "classname": "RegionLayer",
  "properties": {
    "Root": {
      "classname": "WorldGroup",
      "properties": {
        "Objects": [
          {
            "classname": "base/omnilight",
            "properties": {
              "Static": false,
              "Color": [
                0.5019608,
                0.7411765,
                1.0
              ],
              "Power": 0.5,
              "AttenEnd": 350.0,
              "Position": [
                -7161.525,
                6244.941,
                -278.03653
              ],
              "ObjectID": 7,
              "RegionID": 288,
              "LayerID": 27,
              "Name": "Water_01",
              "LightGroup": 268435456
            }
          },
          {
            "classname": "base/omnilight",
            "properties": {
              "Static": false,
              "Color": [
                0.5019608,
                0.7411765,
                1.0
              ],
              "Power": 0.5,
              "AttenEnd": 350.0,
              "Position": [
                -7475.525,
                6470.941,
                -278.03653
              ],
              "ObjectID": 6,
              "RegionID": 288,
              "LayerID": 27,
              "Name": "Water",
              "LightGroup": 268435456
            }
          },
          {
            "classname": "base/directionallight",
            "properties": {
              "Position": [
                -7385.33,
                6163.26,
                -226.04
              ],
              "Rotation": [
                -21.211103,
                27.19752,
                -35.80449
              ],
              "Color": [
                1.0,
                0.92941177,
                0.8117647
              ],
              "Power": 0.5,
              "ObjectID": 3,
              "RegionID": 288,
              "LayerID": 27,
              "Name": "War_Sun",
              "LightGroup": 268435456
            }
          },
          {
            "classname": "base/directionallight",
            "properties": {
              "Position": [
                -7552.33,
                6091.26,
                -226.04
              ],
              "Rotation": [
                149.14282,
                25.326612,
                -35.00274
              ],
              "Color": [
                0.85882354,
                0.8784314,
                1.0
              ],
              "Power": 0.5,
              "ObjectID": 2,
              "RegionID": 288,
              "LayerID": 27,
              "Name": "War_Up",
              "LightGroup": 268435456
            }
          },
          {
            "classname": "base/directionallight",
            "properties": {
              "Position": [
                -7484.33,
                6109.26,
                -226.04
              ],
              "Rotation": [
                -49.01142,
                22.605661,
                -42.9933
              ],
              "Color": [
                1.0,
                0.92941177,
                0.8117647
              ],
              "Power": 0.5,
              "ObjectID": 1,
              "RegionID": 288,
              "LayerID": 27,
              "Name": "Azreal_Sun",
              "LightGroup": 536870912
            }
          }
        ]
      }
    },
    "NextObjectID": 7
  }
}