{
  "classname": "RegionLayer",
  "properties": {
    "Root": {
      "classname": "WorldGroup",
      "properties": {
        "Objects": [
          {
            "classname": "base/directionallight",
            "properties": {
              "Position": [
                -7438.33,
                6152.26,
                -226.04
              ],
              "Rotation": [
                -49.01,
                22.61,
                -42.99
              ],
              "Color": [
                1.0,
                0.92941177,
                0.8117647
              ],
              "Power": 0.5,
              "ObjectID": 8,
              "RegionID": 288,
              "LayerID": 28,
              "Name": "Watcher_Sun",
              "LightGroup": 134217728
            }
          },
          {
            "classname": "base/directionallight",
            "properties": {
              "Position": [
                -7484.33,
                6152.26,
                -226.04
              ],
              "Rotation": [
                -68.24509,
                -32.735245,
                -35.996857
              ],
              "Color": [
                1.0,
                0.92941177,
                0.8117647
              ],
              "Power": 0.0,
              "ObjectID": 7,
              "RegionID": 288,
              "LayerID": 28,
              "Name": "Azreal_Sun_Sh02",
              "LightGroup": 536870912
            }
          },
          {
            "classname": "base/directionallight",
            "properties": {
              "Position": [
                -7444.33,
                6051.26,
                -226.04
              ],
              "Rotation": [
                -57.09083,
                4.6920457,
                -10.676671
              ],
              "Color": [
                1.0,
                0.92941177,
                0.8117647
              ],
              "Power": 0.0,
              "ObjectID": 5,
              "RegionID": 288,
              "LayerID": 28,
              "Name": "Azreal_Sun_Sh07",
              "LightGroup": 536870912
            }
          },
          {
            "classname": "base/directionallight",
            "properties": {
              "Position": [
                -7552.33,
                6054.26,
                -226.04
              ],
              "Rotation": [
                -164.92212,
                -25.552801,
                -6.1783934
              ],
              "Color": [
                0.85882354,
                0.8784314,
                1.0
              ],
              "Power": 0.5,
              "ObjectID": 4,
              "RegionID": 288,
              "LayerID": 28,
              "Name": "Azrael_Up",
              "LightGroup": 536870912
            }
          },
          {
            "classname": "base/directionallight",
            "properties": {
              "Position": [
                -7552.33,
                6091.26,
                -226.04
              ],
              "Rotation": [
                149.14282,
                25.326612,
                -35.00274
              ],
              "Color": [
                0.85882354,
                0.8784314,
                1.0
              ],
              "Power": 0.5,
              "ObjectID": 3,
              "RegionID": 288,
              "LayerID": 28,
              "Name": "War_Up",
              "LightGroup": 268435456
            }
          },
          {
            "classname": "base/directionallight",
            "properties": {
              "Position": [
                -7385.33,
                6163.26,
                -226.04
              ],
              "Rotation": [
                -21.211103,
                27.19752,
                -35.80449
              ],
              "Color": [
                1.0,
                0.92941177,
                0.8117647
              ],
              "ObjectID": 2,
              "RegionID": 288,
              "LayerID": 28,
              "Name": "War_Sun",
              "LightGroup": 402653184
            }
          },
          {
            "classname": "base/directionallight",
            "properties": {
              "Position": [
                -7484.33,
                6109.26,
                -226.04
              ],
              "Rotation": [
                -49.01,
                22.61,
                -42.99
              ],
              "Color": [
                1.0,
                0.92941177,
                0.8117647
              ],
              "Power": 0.5,
              "ObjectID": 1,
              "RegionID": 288,
              "LayerID": 28,
              "Name": "Azreal_Sun",
              "LightGroup": 536870912
            }
          }
        ]
      }
    },
    "NextObjectID": 8
  }
}