{
  "classname": "RegionLayer",
  "properties": {
    "Root": {
      "classname": "WorldGroup",
      "properties": {
        "Objects": [
          {
            "classname": "base/ortholight",
            "properties": {
              "Color": [
                0.85882354,
                0.8784314,
                1.0
              ],
              "Power": 0.4,
              "CastShadows": true,
              "Width": 1500.0,
              "Height": 1500.0,
              "ShadowBias": 2.7985794e-14,
              "Position": [
                -34774.73,
                19846.55,
                860.13
              ],
              "Rotation": [
                16.411158,
                -7.069798,
                -4.004477
              ],
              "ObjectID": 11,
              "RegionID": 288,
              "LayerID": 30,
              "Name": "War_02",
              "LightGroup": 1073741825
            }
          },
          {
            "classname": "base/directionallight",
            "properties": {
              "Position": [
                -34774.73,
                19846.55,
                679.13
              ],
              "Rotation": [
                16.411158,
                -7.069798,
                -4.004477
              ],
              "Color": [
                0.85882354,
                0.8784314,
                1.0
              ],
              "Power": 1.5,
              "ObjectID": 6,
              "RegionID": 288,
              "LayerID": 30,
              "Name": "War",
              "LightGroup": 805306368
            }
          },
          {
            "classname": "base/directionallight",
            "properties": {
              "Position": [
                -34774.73,
                19829.55,
                679.13
              ],
              "Rotation": [
                -154.00735,
                6.6970773,
                4.6273932
              ],
              "Color": [
                1.0,
                0.3882353,
                0.1882353
              ],
              "Power": 0.5,
              "ObjectID": 3,
              "RegionID": 288,
              "LayerID": 30,
              "Name": "War_01",
              "LightGroup": 805306368
            }
          }
        ]
      }
    },
    "NextObjectID": 11
  }
}