{
  "classname": "RegionLayer",
  "properties": {
    "Root": {
      "classname": "WorldGroup",
      "properties": {
        "Objects": [
          {
            "classname": "base/omnilight",
            "properties": {
              "Static": false,
              "Color": [
                1.0,
                0.83137256,
                0.54901963
              ],
              "Power": 2.0,
              "AttenStart": 30.0,
              "AttenEnd": 80.0,
              "Position": [
                -7363.563,
                18827.482,
                797.59326
              ],
              "ObjectID": 19,
              "RegionID": 288,
              "LayerID": 36,
              "Name": "Shoulder_Rim",
              "LightGroup": 268435456
            }
          },
          {
            "classname": "base/directionallight",
            "properties": {
              "Position": [
                -7074.15,
                22717.11,
                4027.59
              ],
              "Rotation": [
                149.49649,
                -42.274868,
                -89.80936
              ],
              "Color": [
                0.3019608,
                0.5411765,
                1.0
              ],
              "Power": 0.3,
              "ObjectID": 22,
              "RegionID": 288,
              "LayerID": 36,
              "Name": "Blade_Sun_Blue",
              "LightGroup": 1048576
            }
          },
          {
            "classname": "base/directionallight",
            "properties": {
              "Position": [
                -7074.15,
                22679.11,
                4027.59
              ],
              "Rotation": [
                64.8684,
                -42.152607,
                145.49472
              ],
              "Color": [
                1.0,
                0.87058824,
                0.43137255
              ],
              "Power": 0.5,
              "ObjectID": 20,
              "RegionID": 288,
              "LayerID": 36,
              "Name": "Blade_Sun",
              "LightGroup": 1048576
            }
          },
          {
            "classname": "base/directionallight",
            "properties": {
              "Position": [
                -7044.15,
                22571.11,
                4057.59
              ],
              "Rotation": [
                -145.31245,
                -10.610164,
                145.14383
              ],
              "Color": [
                0.34901962,
                0.5411765,
                1.0
              ],
              "Power": 0.3,
              "ObjectID": 9,
              "RegionID": 288,
              "LayerID": 36,
              "Name": "Up",
              "LightGroup": 268435456
            }
          },
          {
            "classname": "base/sunlight",
            "properties": {
              "Position": [
                -7094.63,
                22599.84,
                4168.59
              ],
              "Rotation": [
                54.914665,
                -18.841974,
                163.42796
              ],
              "Color": [
                1.0,
                0.87058824,
                0.43137255
              ],
              "Power": 1.4,
              "ObjectID": 8,
              "RegionID": 288,
              "LayerID": 36,
              "Name": "SunLight",
              "LightGroup": 1074790400
            }
          }
        ]
      }
    },
    "NextObjectID": 22
  }
}