{
  "classname": "RegionLayer",
  "properties": {
    "Root": {
      "classname": "WorldGroup",
      "properties": {
        "Objects": [
          {
            "classname": "base/directionallight",
            "properties": {
              "Position": [
                -1523.269,
                -4426.5073,
                -3632.88
              ],
              "Rotation": [
                -35.3672,
                31.889698,
                9.590024
              ],
              "Color": [
                1.0,
                0.5882353,
                0.25882354
              ],
              "ObjectID": 13,
              "RegionID": 288,
              "LayerID": 37,
              "Name": "Watcher_Windows",
              "LightGroup": 134217728
            }
          },
          {
            "classname": "base/directionallight",
            "properties": {
              "Position": [
                -1620.86,
                -4364.55,
                -3632.88
              ],
              "Rotation": [
                -14.807011,
                46.095566,
                67.35803
              ],
              "Color": [
                1.0,
                0.5882353,
                0.25882354
              ],
              "Power": 0.8,
              "ObjectID": 12,
              "RegionID": 288,
              "LayerID": 37,
              "Name": "Azrael_Windows",
              "LightGroup": 67108864
            }
          },
          {
            "classname": "base/directionallight",
            "properties": {
              "Position": [
                -1569.43,
                -4429.01,
                -3637.88
              ],
              "Rotation": [
                -135.41647,
                -0.641083,
                165.07947
              ],
              "Color": [
                1.0,
                0.36078432,
                0.09019608
              ],
              "Power": 0.5,
              "ObjectID": 11,
              "RegionID": 288,
              "LayerID": 37,
              "Name": "Watcher_Pit_Dir",
              "LightGroup": 134217728
            }
          },
          {
            "classname": "base/directionallight",
            "properties": {
              "Position": [
                -1679.43,
                -4360.01,
                -3637.88
              ],
              "Rotation": [
                -135.50916,
                3.6758902,
                172.1036
              ],
              "Color": [
                1.0,
                0.36078432,
                0.09019608
              ],
              "Power": 0.4,
              "ObjectID": 10,
              "RegionID": 288,
              "LayerID": 37,
              "Name": "Azrael_Pit_Dir",
              "LightGroup": 67108864
            }
          },
          {
            "classname": "base/spotlight",
            "properties": {
              "Color": [
                1.0,
                0.36078432,
                0.09019608
              ],
              "Power": 0.6,
              "AttenEnd": 1200.0,
              "FOV": 55.0,
              "Static": false,
              "Position": [
                -1559.26,
                -4711.42,
                -4120.67
              ],
              "Rotation": [
                -155.21309,
                -26.866531,
                -177.82422
              ],
              "ObjectID": 9,
              "RegionID": 288,
              "LayerID": 37,
              "Name": "War_Pit_Edge",
              "LightGroup": 268435456
            }
          },
          {
            "classname": "base/directionallight",
            "properties": {
              "Position": [
                -1478.5631,
                -4498.674,
                -3632.88
              ],
              "Rotation": [
                -35.3672,
                31.889698,
                9.590024
              ],
              "Color": [
                1.0,
                0.5882353,
                0.25882354
              ],
              "ObjectID": 8,
              "RegionID": 288,
              "LayerID": 37,
              "Name": "War_Windows",
              "LightGroup": 268435456
            }
          },
          {
            "classname": "base/directionallight",
            "properties": {
              "Position": [
                -1442.6294,
                -4503.093,
                -3631.881
              ],
              "Rotation": [
                -141.57391,
                -25.05877,
                -173.1552
              ],
              "Color": [
                1.0,
                0.36078432,
                0.09019608
              ],
              "Power": 0.6,
              "ObjectID": 7,
              "RegionID": 288,
              "LayerID": 37,
              "Name": "War_Pit_Dir_01",
              "LightGroup": 268435456
            }
          },
          {
            "classname": "base/spotlight",
            "properties": {
              "Color": [
                1.0,
                0.36078432,
                0.09019608
              ],
              "Power": 0.8,
              "AttenEnd": 1500.0,
              "FOV": 150.0,
              "Static": false,
              "Position": [
                -2815.26,
                -4607.42,
                -4046.67
              ],
              "Rotation": [
                -179.99976,
                -38.00003,
                -179.99986
              ],
              "ObjectID": 5,
              "RegionID": 288,
              "LayerID": 37,
              "Name": "Straga_Spot_Pit_02",
              "LightGroup": 536870912
            }
          },
          {
            "classname": "base/spotlight",
            "properties": {
              "Color": [
                1.0,
                0.36078432,
                0.09019608
              ],
              "Power": 1.2,
              "AttenEnd": 1200.0,
              "FOV": 150.0,
              "Static": false,
              "Position": [
                -1499.26,
                -4607.42,
                -4046.67
              ],
              "Rotation": [
                180.0,
                38.0,
                180.0
              ],
              "ObjectID": 4,
              "RegionID": 288,
              "LayerID": 37,
              "Name": "Straga_Spot_Pit_01",
              "LightGroup": 536870912
            }
          },
          {
            "classname": "base/directionallight",
            "properties": {
              "Position": [
                -1396.1199,
                -4560.234,
                -3632.88
              ],
              "Rotation": [
                -169.08463,
                30.515736,
                177.9331
              ],
              "Color": [
                1.0,
                0.36078432,
                0.09019608
              ],
              "ObjectID": 3,
              "RegionID": 288,
              "LayerID": 37,
              "Name": "Straga_Pit_Dir",
              "LightGroup": 536870912
            }
          },
          {
            "classname": "base/directionallight",
            "properties": {
              "Position": [
                -1361.43,
                -4557.01,
                -3637.88
              ],
              "Rotation": [
                11.997275,
                -9.963948,
                -18.088572
              ],
              "Color": [
                0.34117648,
                0.7607843,
                1.0
              ],
              "ObjectID": 2,
              "RegionID": 288,
              "LayerID": 37,
              "Name": "Straga_Ceiling",
              "LightGroup": 536870912
            }
          },
          {
            "classname": "base/omnilight",
            "properties": {
              "Static": false,
              "Color": [
                1.0,
                0.5019608,
                0.07058824
              ],