{
  "classname": "RegionLayer",
  "properties": {
    "Root": {
      "classname": "WorldGroup",
      "properties": {
        "Objects": [
          {
            "classname": "base/directionallight",
            "properties": {
              "Position": [
                -7494.33,
                6072.26,
                -226.04
              ],
              "Rotation": [
                -158.79,
                -35.65,
                1.38
              ],
              "Color": [
                0.85882354,
                0.8784314,
                1.0
              ],
              "Power": 0.0,
              "ObjectID": 5,
              "RegionID": 288,
              "LayerID": 26,
              "Name": "Azrael_Up_Sh06",
              "LightGroup": 1073741824
            }
          },
          {
            "classname": "base/directionallight",
            "properties": {
              "Position": [
                -7484.33,
                6109.26,
                -226.04
              ],
              "Rotation": [
                -49.01142,
                22.605661,
                -42.9933
              ],
              "Color": [
                1.0,
                0.92941177,
                0.8117647
              ],
              "Power": 0.5,
              "ObjectID": 4,
              "RegionID": 288,
              "LayerID": 26,
              "Name": "Azreal_Sun",
              "LightGroup": 536870912
            }
          },
          {
            "classname": "base/directionallight",
            "properties": {
              "Position": [
                -7385.33,
                6163.26,
                -226.04
              ],
              "Rotation": [
                -21.211103,
                27.19752,
                -35.80449
              ],
              "Color": [
                1.0,
                0.92941177,
                0.8117647
              ],
              "Power": 0.5,
              "ObjectID": 3,
              "RegionID": 288,
              "LayerID": 26,
              "Name": "War_Sun",
              "LightGroup": 402653184
            }
          },
          {
            "classname": "base/directionallight",
            "properties": {
              "Position": [
                -7552.33,
                6091.26,
                -226.04
              ],
              "Rotation": [
                149.14282,
                25.326612,
                -35.00274
              ],
              "Color": [
                0.85882354,
                0.8784314,
                1.0
              ],
              "Power": 0.5,
              "ObjectID": 2,
              "RegionID": 288,
              "LayerID": 26,
              "Name": "Up",
              "LightGroup": 1073741824
            }
          }
        ]
      }
    },
    "NextObjectID": 5
  }
}