{
  "classname": "RegionLayer",
  "properties": {
    "Root": {
      "classname": "WorldGroup",
      "properties": {
        "Objects": [
          {
            "classname": "base/directionallight",
            "properties": {
              "Position": [
                776.35,
                -6745.79,
                18204.28
              ],
              "Rotation": [
                23.62054,
                -59.614094,
                14.062724
              ],
              "Color": [
                1.0,
                0.52156866,
                0.30980393
              ],
              "ObjectID": 6,
              "RegionID": 288,
              "LayerID": 40,
              "Name": "Seal",
              "LightGroup": 268435456
            }
          },
          {
            "classname": "base/directionallight",
            "properties": {
              "Position": [
                776.3477,
                -6745.787,
                18235.283
              ],
              "Rotation": [
                8.619564,
                -55.664482,
                15.247032
              ],
              "Color": [
                1.0,
                0.4509804,
                0.30980393
              ],
              "Power": 0.3,
              "ObjectID": 5,
              "RegionID": 288,
              "LayerID": 40,
              "Name": "Env_Fill"
            }
          },
          {
            "classname": "base/sunlight",
            "properties": {
              "Position": [
                677.42,
                -6744.75,
                18255.44
              ],
              "Rotation": [
                18.0,
                -49.999954,
                -6.641174e-7
              ],
              "Color": [
                1.0,
                0.4509804,
                0.30980393
              ],
              "Power": 1.2,
              "ObjectID": 4,
              "RegionID": 288,
              "LayerID": 40,
              "Name": "SunLight_CS51B",
              "LightGroup": 1879048193
            }
          },
          {
            "classname": "base/directionallight",
            "properties": {
              "Position": [
                757.35,
                -6986.79,
                18111.28
              ],
              "Rotation": [
                -155.12,
                16.75,
                176.03
              ],
              "Color": [
                1.0,
                0.61960787,
                0.27058825
              ],
              "Power": 0.5,
              "ObjectID": 3,
              "RegionID": 288,
              "LayerID": 40,
              "Name": "Dragon_Dir_Up_01",
              "LightGroup": 536870912
            }
          },
          {
            "classname": "base/directionallight",
            "properties": {
              "Position": [
                748.35,
                -6939.79,
                18111.28
              ],
              "Rotation": [
                156.65416,
                18.848825,
                -178.79085
              ],
              "Color": [
                1.0,
                0.61960787,
                0.27058825
              ],
              "Power": 0.5,
              "ObjectID": 2,
              "RegionID": 288,
              "LayerID": 40,
              "Name": "Dragon_Dir_Up",
              "LightGroup": 536870912
            }
          },
          {
            "classname": "base/directionallight",
            "properties": {
              "Position": [
                775.3477,
                -6939.787,
                18111.283
              ],
              "Rotation": [
                -6.5910015,
                22.85355,
                3.239447
              ],
              "Color": [
                1.0,
                0.4509804,
                0.30980393
              ],
              "Power": 3.0,
              "ObjectID": 1,
              "RegionID": 288,
              "LayerID": 40,
              "Name": "Dragon_Dir",
              "LightGroup": 536870912
            }
          }
        ]
      }
    },
    "NextObjectID": 7
  }
}