{
  "classname": "RegionLayer",
  "properties": {
    "Root": {
      "classname": "WorldGroup",
      "properties": {
        "Objects": [
          {
            "classname": "base/omnilight",
            "properties": {
              "Static": false,
              "Color": [
                1.0,
                0.92941177,
                0.81960785
              ],
              "Power": 0.0,
              "AttenEnd": 500.0,
              "Position": [
                -25057.953,
                -40287.84,
                -1831.3633
              ],
              "ObjectID": 14,
              "RegionID": 288,
              "LayerID": 35,
              "Name": "Greiver_Leg_Sh03",
              "LightGroup": 536870912
            }
          },
          {
            "classname": "base/directionallight",
            "properties": {
              "Position": [
                -24978.71,
                -40828.84,
                -1977.68
              ],
              "Rotation": [
                15.369413,
                1.5256778,
                -25.669817
              ],
              "Color": [
                1.0,
                0.92941177,
                0.81960785
              ],
              "Power": 0.0,
              "ObjectID": 11,
              "RegionID": 288,
              "LayerID": 35,
              "Name": "War_Sun_Sh03",
              "LightGroup": 268435456
            }
          },
          {
            "classname": "base/directionallight",
            "properties": {
              "Position": [
                -25021.71,
                -40834.84,
                -1977.68
              ],
              "Rotation": [
                160.37788,
                -37.906845,
                166.2675
              ],
              "Color": [
                0.5019608,
                0.7882353,
                1.0
              ],
              "Power": 0.4,
              "ObjectID": 10,
              "RegionID": 288,
              "LayerID": 35,
              "Name": "War_Up",
              "LightGroup": 268435456
            }
          },
          {
            "classname": "base/omnilight",
            "properties": {
              "Static": false,
              "Color": [
                0.5686275,
                0.92156863,
                1.0
              ],
              "AttenEnd": 250.0,
              "Position": [
                -24902.963,
                -39833.727,
                -2078.2568
              ],
              "ObjectID": 9,
              "RegionID": 288,
              "LayerID": 35,
              "Name": "Greiver_Crystal",
              "LightGroup": 1073741824
            }
          },
          {
            "classname": "base/directionallight",
            "properties": {
              "Position": [
                -24978.71,
                -40865.84,
                -1977.68
              ],
              "Rotation": [
                20.17,
                39.79,
                -12.86
              ],
              "Color": [
                1.0,
                0.92941177,
                0.81960785
              ],
              "Power": 0.4,
              "ObjectID": 7,
              "RegionID": 288,
              "LayerID": 35,
              "Name": "War_Sun",
              "LightGroup": 268435456
            }
          },
          {
            "classname": "base/directionallight",
            "properties": {
              "Position": [
                -25021.71,
                -40865.84,
                -1977.68
              ],
              "Rotation": [
                160.37788,
                -37.906845,
                166.2675
              ],
              "Color": [
                0.5019608,
                0.7882353,
                1.0
              ],
              "Power": 0.4,
              "ObjectID": 6,
              "RegionID": 288,
              "LayerID": 35,
              "Name": "Greiver_Up",
              "LightGroup": 536870912
            }
          },
          {
            "classname": "base/ortholight",
            "properties": {
              "Color": [
                1.0,
                0.92941177,
                0.81960785
              ],
              "Power": 0.3,
              "CastShadows": true,
              "AttenEnd": 1800.0,
              "Width": 1000.0,
              "Height": 1000.0,
              "ShadowBias": 0.0,
              "Position": [
                -23984.96,
                -40127.38,
                -997.24
              ],
              "Rotation": [
                3.86,
                41.0,
                -0.23
              ],
              "ObjectID": 4,
              "RegionID": 288,
              "LayerID": 35,
              "Name": "OrthoLight_War_Env",
              "LightGroup": 268435457
            }
          },
          {
            "classname": "base/ortholight",
            "properties": {
              "Color": [
                1.0,
                0.92941177,
                0.81960785
              ],
              "Power": 0.3,
              "AttenEnd": 1800.0,
              "Width": 1000.0,
              "Height": 2000.0,
              "ShadowBias": 0.0,
              "Position": [
                -23984.96,
                -40127.38,
                -997.24
              ],
              "Rotation": [
                17.86,
                41.0,
                -0.23
              ],
              "ObjectID": 3,
              "RegionID": 288,
              "LayerID": 35,
              "Name": "Greiver_Sun",
              "LightGroup": 1073741824
            }
          },
          {
            "classname": "base/ortholight",
            "properties": {
              "Color": [
                1.0,
                0.92941177,
                0.81960785
              ],
              "Power": 1.3,
              "CastShadows": true,
              "AttenEnd": 2000.0,
              "Width": 950.0,
              "Height": 950.0,
              "ShadowBias": 0.0,
              "Position": [
                -23984.963,
                -41068.38,
                -997.23535
              ],
              "Rotation": [
                3.86,
                41.0,
                -0.23
              ],
              "ObjectID": 2,
              "RegionID": 288,
              "LayerID": 35,
              "Name": "OrthoLight_Hole_2",
              "LightGroup": 1073741825
            }
          },
          {
            "classname": "base/ortholight",
            "properties": {
              "Color": [
                1.0,
                0.92941177,
                0.81960785
              ],
              "CastShadows": true,
              "AttenEnd": 1800.0,
              "Width": 1000.0,
              "Height": 1000.0,
              "ShadowBias": 0.0,
              "Position": [
                -23984.96,
                -40127.38,
                -997.24
              ],
              "Rotation": [
                3.86,
                41.0,
                -0.23
              ],
              "ObjectID": 1,
              "RegionID": 288,
              "LayerID": 35,
              "Name": "OrthoLight_Greiver_War_Hole",
              "LightGroup": 1073741825
            }
          }
        ]
      }
    },
    "NextObjectID": 14
  }
}