{
  "classname": "RegionLayer",
  "properties": {
    "Root": {
      "classname": "WorldGroup",
      "properties": {
        "Objects": [
          {
            "classname": "base/directionallight",
            "properties": {
              "Position": [
                -7044.15,
                22571.11,
                4057.59
              ],
              "Rotation": [
                146.39075,
                -19.130016,
                -155.7156
              ],
              "Color": [
                0.34901962,
                0.5411765,
                1.0
              ],
              "Power": 0.3,
              "ObjectID": 5,
              "RegionID": 288,
              "LayerID": 42,
              "Name": "Up",
              "LightGroup": 268435456
            }
          },
          {
            "classname": "base/sunlight",
            "properties": {
              "Position": [
                -7094.63,
                22599.84,
                4168.59
              ],
              "Rotation": [
                54.914665,
                -18.841974,
                163.42796
              ],
              "Color": [
                1.0,
                0.87058824,
                0.43137255
              ],
              "Power": 1.4,
              "ObjectID": 4,
              "RegionID": 288,
              "LayerID": 42,
              "Name": "SunLight",
              "LightGroup": 1074790400
            }
          },
          {
            "classname": "base/directionallight",
            "properties": {
              "Position": [
                -7074.15,
                22717.11,
                4027.59
              ],
              "Rotation": [
                153.4621,
                -35.503,
                -99.28277
              ],
              "Color": [
                0.3019608,
                0.5411765,
                1.0
              ],
              "Power": 0.3,
              "ObjectID": 2,
              "RegionID": 288,
              "LayerID": 42,
              "Name": "Blade_Sun_Blue",
              "LightGroup": 1048576
            }
          },
          {
            "classname": "base/directionallight",
            "properties": {
              "Position": [
                -7074.15,
                22679.11,
                4027.59
              ],
              "Rotation": [
                45.049202,
                -5.495995,
                173.24286
              ],
              "Color": [
                1.0,
                0.87058824,
                0.43137255
              ],
              "Power": 0.5,
              "ObjectID": 1,
              "RegionID": 288,
              "LayerID": 42,
              "Name": "Blade_Sun",
              "LightGroup": 1048576
            }
          }
        ]
      }
    },
    "NextObjectID": 5
  }
}