{
  "classname": "RegionLayer",
  "properties": {
    "Root": {
      "classname": "WorldGroup",
      "properties": {
        "Objects": [
          {
            "classname": "base/environmentregion",
            "properties": {
              "EnvironmentDescs": [
                {
                  "classname": "AmbientDesc",
                  "properties": {
                    "LowerAmbientColor": [
                      0.27058825,
                      0.31764707,
                      0.34901962
                    ],
                    "UpperAmbientColor": [
                      0.34901962,
                      0.26666668,
                      0.1764706
                    ],
                    "RimColor": [
                      1.0,
                      0.5411765,
                      0.1882353
                    ],
                    "BlendDuration": 1.5
                  }
                }
              ],
              "Position": [
                12512.31,
                -29450.61,
                582.41
              ],
              "Scale": [
                4000.0,
                4000.0,
                3500.0
              ],
              "Rotation": [
                0.0,
                -0.0,
                28.0
              ],
              "ObjectID": 101,
              "RegionID": 20,
              "LayerID": 10,
              "Name": "EnvironmentRegion"
            }
          },
          {
            "classname": "base/omnilight",
            "properties": {
              "Static": false,
              "Color": [
                0.96862745,
                0.52156866,
                0.18039216
              ],
              "Power": 0.35,
              "AttenStart": 125.0,
              "AttenEnd": 250.0,
              "Position": [
                21719.654,
                -26298.256,
                545.6133
              ],
              "ObjectID": 98,
              "RegionID": 20,
              "LayerID": 10,
              "Name": "Door",
              "LightGroup": 1073741824
            }
          },
          {
            "classname": "base/sunlight",
            "properties": {
              "Position": [
                19270.11,
                -26787.68,
                547.75
              ],
              "Rotation": [
                -30.06244,
                20.439888,
                138.78485
              ],
              "Color": [
                0.654902,
                0.7921569,
                0.8
              ],
              "ObjectID": 96,
              "RegionID": 20,
              "LayerID": 10,
              "Name": "SunLight"
            }
          },
          {
            "classname": "base/omnilight",
            "properties": {
              "Static": false,
              "Color": [
                0.60784316,
                0.74509805,
                1.0
              ],
              "Power": 0.5,
              "AttenStart": 0.0,
              "AttenEnd": 500.0,
              "Position": [
                15654.0,
                -21125.543,
                -113.281006
              ],
              "ObjectID": 95,
              "RegionID": 20,
              "LayerID": 10,
              "Name": "Cave_05",
              "LightGroup": -2147483648
            }
          },
          {
            "classname": "base/omnilight",
            "properties": {
              "Static": false,
              "Color": [
                0.60784316,
                0.74509805,
                1.0
              ],
              "Power": 0.5,
              "AttenStart": 0.0,
              "AttenEnd": 500.0,
              "Position": [
                15568.0,
                -21614.543,
                -208.281
              ],
              "ObjectID": 94,
              "RegionID": 20,
              "LayerID": 10,
              "Name": "Cave_04",
              "LightGroup": -2147483648
            }
          },
          {
            "classname": "base/omnilight",
            "properties": {
              "Static": false,
              "Color": [
                0.60784316,
                0.74509805,
                1.0
              ],
              "Power": 0.5,
              "AttenStart": 0.0,
              "AttenEnd": 500.0,
              "Position": [
                15757.0,
                -22027.543,
                -164.281
              ],
              "ObjectID": 93,
              "RegionID": 20,
              "LayerID": 10,
              "Name": "Cave_03",
              "LightGroup": -2147483648
            }
          }
        ]
      }
    },
    "NextObjectID": 101
  }
}