{
  "classname": "RegionLayer",
  "properties": {
    "Root": {
      "classname": "WorldGroup",
      "properties": {
        "Objects": [
          {
            "classname": "base/omnilight",
            "properties": {
              "Static": false,
              "Color": [
                0.7137255,
                0.827451,
                0.7921569
              ],
              "Power": 0.6,
              "AttenStart": 125.0,
              "AttenEnd": 250.0,
              "Position": [
                27440.654,
                -29503.256,
                584.6133
              ],
              "ObjectID": 24,
              "RegionID": 202,
              "LayerID": 8,
              "Name": "Door_23",
              "LightGroup": 1073741824
            }
          },
          {
            "classname": "base/omnilight",
            "properties": {
              "Static": false,
              "Color": [
                0.7137255,
                0.827451,
                0.7921569
              ],
              "AttenStart": 100.0,
              "AttenEnd": 600.0,
              "Position": [
                27455.012,
                -30259.404,
                587.4177
              ],
              "ObjectID": 23,
              "RegionID": 202,
              "LayerID": 8,
              "Name": "OmniLight115_138",
              "LightGroup": -2147483648
            }
          },
          {
            "classname": "base/omnilight",
            "properties": {
              "Static": false,
              "Color": [
                0.96862745,
                0.5254902,
                0.19215687
              ],
              "Power": 0.8,
              "AttenStart": 125.0,
              "AttenEnd": 200.0,
              "Position": [
                29132.654,
                -30161.256,
                839.6133
              ],
              "ObjectID": 22,
              "RegionID": 202,
              "LayerID": 8,
              "Name": "Door_22",
              "LightGroup": -2147483648
            }
          },
          {
            "classname": "base/omnilight",
            "properties": {
              "Static": false,
              "Color": [
                0.96862745,
                0.5254902,
                0.19215687
              ],
              "Power": 0.8,
              "AttenStart": 125.0,
              "AttenEnd": 200.0,
              "Position": [
                29139.654,
                -30482.256,
                598.6133
              ],
              "ObjectID": 21,
              "RegionID": 202,
              "LayerID": 8,
              "Name": "Door_21",
              "LightGroup": -2147483648
            }
          },
          {
            "classname": "base/omnilight",
            "properties": {
              "Static": false,
              "Color": [
                0.96862745,
                0.5254902,
                0.19215687
              ],
              "Power": 0.8,
              "AttenStart": 125.0,
              "AttenEnd": 200.0,
              "Position": [
                29139.654,
                -30328.256,
                696.6133
              ],
              "ObjectID": 20,
              "RegionID": 202,
              "LayerID": 8,
              "Name": "Door_20",
              "LightGroup": -2147483648
            }
          },
          {
            "classname": "base/omnilight",
            "properties": {
              "Static": false,
              "Color": [
                0.7137255,
                0.827451,
                0.7921569
              ],
              "Power": 0.8,
              "AttenStart": 125.0,
              "AttenEnd": 250.0,
              "Position": [
                28345.654,
                -30167.256,
                1004.6133
              ],
              "ObjectID": 19,
              "RegionID": 202,
              "LayerID": 8,
              "Name": "Door_19",
              "LightGroup": -2147483648
            }
          },
          {
            "classname": "base/omnilight",
            "properties": {
              "Static": false,
              "Color": [
                0.7137255,
                0.827451,
                0.7921569
              ],
              "Power": 0.8,
              "AttenStart": 125.0,
              "AttenEnd": 250.0,
              "Position": [
                29035.654,
                -30543.256,
                561.6133
              ],
              "ObjectID": 18,
              "RegionID": 202,
              "LayerID": 8,
              "Name": "Door_18",
              "LightGroup": -2147483648
            }
          },
          {
            "classname": "base/omnilight",
            "properties": {
              "Static": false,
              "Color": [
                0.7137255,
                0.827451,
                0.7921569
              ],
              "Power": 0.8,
              "AttenStart": 125.0,
              "AttenEnd": 250.0,
              "Position": [
                28409.654,
                -30562.256,
                877.6133
              ],
              "ObjectID": 17,
              "RegionID": 202,
              "LayerID": 8,
              "Name": "Door_17",
              "LightGroup": -2147483648
            }
          },
          {
            "classname": "base/omnilight",
            "properties": {
              "Static": false,
              "Color": [
                0.7137255,
                0.827451,
                0.7921569
              ],
              "Power": 0.8,
              "AttenStart": 125.0,
              "AttenEnd": 250.0,
              "Position": [
                28585.654,
                -30131.256,
                1004.6133
              ],
              "ObjectID": 16,
              "RegionID": 202,
              "LayerID": 8,
              "Name": "Door_16",
              "LightGroup": -2147483648
            }
          },
          {
            "classname": "base/omnilight",
            "properties": {
              "Static": false,
              "Color": [
                0.7137255,
                0.827451,
                0.7921569
              ],
              "Power": 0.8,
              "AttenStart": 125.0,
              "AttenEnd": 250.0,
              "Position": [
                28585.654,
                -29725.256,
                1004.6133
              ],
              "ObjectID": 15,
              "RegionID": 202,
              "LayerID": 8,
              "Name": "Door_15",
              "LightGroup": -2147483648
            }
          },
          {
            "classname": "base/omnilight",
            "properties": {
              "Static": false,
              "Color": [
                0.6862745,
                0.8745098,
                1.0
              ],
              "Power": 0.8,
              "AttenStart": 120.0,
              "AttenEnd": 500.0,
              "Position": [
                28403.852,
                -30328.443,
                637.82764
              ],
              "ObjectID": 14,
              "RegionID": 202,
              "LayerID": 8,
              "Name": "OmniLight81_133",
              "LightGroup": -2147483648
            }
          },
          {
            "classname": "base/omnilight",
            "properties": {
              "Static": false,
              "Color": [
                0.7137255,
                0.827451,
                0.7921569
              ],
              "AttenStart": 100.0,
              "Position": [
                27070.012,
                -30226.404,
                587.4177
              ],
              "ObjectID": 13,
              "RegionID": 202,
              "LayerID": 8,
              "Name": "OmniLight115_137",
              "LightGroup": -2147483648
            }
          },
          {
            "classname": "base/omnilight",
            "properties": {
              "Static": false,